date,cash,positions_value,equity,n_positions,exposure_pct
2022-03-10,1000000.0,0.0,1000000.0,0,0.0
2022-03-11,1000000.0,0.0,1000000.0,0,0.0
2022-03-14,1000000.0,0.0,1000000.0,0,0.0
2022-03-15,1000000.0,0.0,1000000.0,0,0.0
2022-03-16,1000000.0,0.0,1000000.0,0,0.0
2022-03-17,1000000.0,0.0,1000000.0,0,0.0
2022-03-18,1000000.0,0.0,1000000.0,0,0.0
2022-03-21,1000000.0,0.0,1000000.0,0,0.0
2022-03-22,1000000.0,0.0,1000000.0,0,0.0
2022-03-23,1000000.0,0.0,1000000.0,0,0.0
2022-03-24,1000000.0,0.0,1000000.0,0,0.0
2022-03-25,1000000.0,0.0,1000000.0,0,0.0
2022-03-28,1000000.0,0.0,1000000.0,0,0.0
2022-03-29,1000000.0,0.0,1000000.0,0,0.0
2022-03-30,1000000.0,0.0,1000000.0,0,0.0
2022-03-31,1000000.0,0.0,1000000.0,0,0.0
2022-04-01,1000000.0,0.0,1000000.0,0,0.0
2022-04-06,799715.0,200000.0,999715.0,1,20.005701624963116
2022-04-07,1000150.8291873963,0.0,1000150.8291873963,0,0.0
2022-04-08,1000150.8291873963,0.0,1000150.8291873963,0,0.0
2022-04-11,1000150.8291873963,0.0,1000150.8291873963,0,0.0
2022-04-12,1000150.8291873963,0.0,1000150.8291873963,0,0.0
2022-04-13,1000150.8291873963,0.0,1000150.8291873963,0,0.0
2022-04-14,1000150.8291873963,0.0,1000150.8291873963,0,0.0
2022-04-15,1000150.8291873963,0.0,1000150.8291873963,0,0.0
2022-04-18,1000150.8291873963,0.0,1000150.8291873963,0,0.0
2022-04-19,1000150.8291873963,0.0,1000150.8291873963,0,0.0
2022-04-20,1000150.8291873963,0.0,1000150.8291873963,0,0.0
2022-04-21,1000150.8291873963,0.0,1000150.8291873963,0,0.0
2022-04-22,1000150.8291873963,0.0,1000150.8291873963,0,0.0
2022-04-25,1000150.8291873963,0.0,1000150.8291873963,0,0.0
2022-04-26,1000150.8291873963,0.0,1000150.8291873963,0,0.0
2022-04-27,1000150.8291873963,0.0,1000150.8291873963,0,0.0
2022-04-28,1000150.8291873963,0.0,1000150.8291873963,0,0.0
2022-04-29,1000150.8291873963,0.0,1000150.8291873963,0,0.0
2022-05-03,1000150.8291873963,0.0,1000150.8291873963,0,0.0
2022-05-04,1000150.8291873963,0.0,1000150.8291873963,0,0.0
2022-05-05,1000150.8291873963,0.0,1000150.8291873963,0,0.0
2022-05-06,1000150.8291873963,0.0,1000150.8291873963,0,0.0
2022-05-09,1000150.8291873963,0.0,1000150.8291873963,0,0.0
2022-05-10,1000150.8291873963,0.0,1000150.8291873963,0,0.0
2022-05-11,1000150.8291873963,0.0,1000150.8291873963,0,0.0
2022-05-12,1000150.8291873963,0.0,1000150.8291873963,0,0.0
2022-05-13,1000150.8291873963,0.0,1000150.8291873963,0,0.0
2022-05-16,1000150.8291873963,0.0,1000150.8291873963,0,0.0
2022-05-17,1000150.8291873963,0.0,1000150.8291873963,0,0.0
2022-05-18,1000150.8291873963,0.0,1000150.8291873963,0,0.0
2022-05-19,1000150.8291873963,0.0,1000150.8291873963,0,0.0
2022-05-20,1000150.8291873963,0.0,1000150.8291873963,0,0.0
2022-05-23,1000150.8291873963,0.0,1000150.8291873963,0,0.0
2022-05-24,1000150.8291873963,0.0,1000150.8291873963,0,0.0
2022-05-25,1000150.8291873963,0.0,1000150.8291873963,0,0.0
2022-05-26,1000150.8291873963,0.0,1000150.8291873963,0,0.0
2022-05-27,1000150.8291873963,0.0,1000150.8291873963,0,0.0
2022-05-30,1000150.8291873963,0.0,1000150.8291873963,0,0.0
2022-05-31,1000150.8291873963,0.0,1000150.8291873963,0,0.0
2022-06-01,1000150.8291873963,0.0,1000150.8291873963,0,0.0
2022-06-02,1000150.8291873963,0.0,1000150.8291873963,0,0.0
2022-06-06,1000150.8291873963,0.0,1000150.8291873963,0,0.0
2022-06-07,1000150.8291873963,0.0,1000150.8291873963,0,0.0
2022-06-08,1000150.8291873963,0.0,1000150.8291873963,0,0.0
2022-06-09,1000150.8291873963,0.0,1000150.8291873963,0,0.0
2022-06-10,1000150.8291873963,0.0,1000150.8291873963,0,0.0
2022-06-13,1000150.8291873963,0.0,1000150.8291873963,0,0.0
2022-06-14,1000150.8291873963,0.0,1000150.8291873963,0,0.0
2022-06-15,1000150.8291873963,0.0,1000150.8291873963,0,0.0
2022-06-16,1000150.8291873963,0.0,1000150.8291873963,0,0.0
2022-06-17,1000150.8291873963,0.0,1000150.8291873963,0,0.0
2022-06-20,1000150.8291873963,0.0,1000150.8291873963,0,0.0
2022-06-21,1000150.8291873963,0.0,1000150.8291873963,0,0.0
2022-06-22,1000150.8291873963,0.0,1000150.8291873963,0,0.0
2022-06-23,1000150.8291873963,0.0,1000150.8291873963,0,0.0
2022-06-24,1000150.8291873963,0.0,1000150.8291873963,0,0.0
2022-06-27,1000150.8291873963,0.0,1000150.8291873963,0,0.0
2022-06-28,1000150.8291873963,0.0,1000150.8291873963,0,0.0
2022-06-29,1000150.8291873963,0.0,1000150.8291873963,0,0.0
2022-06-30,1000150.8291873963,0.0,1000150.8291873963,0,0.0
2022-07-01,1000150.8291873963,0.0,1000150.8291873963,0,0.0
2022-07-04,1000150.8291873963,0.0,1000150.8291873963,0,0.0
2022-07-05,1000150.8291873963,0.0,1000150.8291873963,0,0.0
2022-07-06,1000150.8291873963,0.0,1000150.8291873963,0,0.0
2022-07-07,1000150.8291873963,0.0,1000150.8291873963,0,0.0
2022-07-08,1000150.8291873963,0.0,1000150.8291873963,0,0.0
2022-07-11,1000150.8291873963,0.0,1000150.8291873963,0,0.0
2022-07-12,1000150.8291873963,0.0,1000150.8291873963,0,0.0
2022-07-13,1000150.8291873963,0.0,1000150.8291873963,0,0.0
2022-07-14,1000150.8291873963,0.0,1000150.8291873963,0,0.0
2022-07-15,1000150.8291873963,0.0,1000150.8291873963,0,0.0
2022-07-18,1000150.8291873963,0.0,1000150.8291873963,0,0.0
2022-07-19,1000150.8291873963,0.0,1000150.8291873963,0,0.0
2022-07-20,1000150.8291873963,0.0,1000150.8291873963,0,0.0
2022-07-21,1000150.8291873963,0.0,1000150.8291873963,0,0.0
2022-07-22,1000150.8291873963,0.0,1000150.8291873963,0,0.0
2022-07-25,1000150.8291873963,0.0,1000150.8291873963,0,0.0
2022-07-26,1000150.8291873963,0.0,1000150.8291873963,0,0.0
2022-07-27,1000150.8291873963,0.0,1000150.8291873963,0,0.0
2022-07-28,1000150.8291873963,0.0,1000150.8291873963,0,0.0
2022-07-29,1000150.8291873963,0.0,1000150.8291873963,0,0.0
2022-08-01,1000150.8291873963,0.0,1000150.8291873963,0,0.0
2022-08-02,1000150.8291873963,0.0,1000150.8291873963,0,0.0
2022-08-03,1000150.8291873963,0.0,1000150.8291873963,0,0.0
2022-08-04,1000150.8291873963,0.0,1000150.8291873963,0,0.0
2022-08-05,1000150.8291873963,0.0,1000150.8291873963,0,0.0
2022-08-08,1000150.8291873963,0.0,1000150.8291873963,0,0.0
2022-08-09,1000150.8291873963,0.0,1000150.8291873963,0,0.0
2022-08-10,1000150.8291873963,0.0,1000150.8291873963,0,0.0
2022-08-11,1000150.8291873963,0.0,1000150.8291873963,0,0.0
2022-08-12,1000150.8291873963,0.0,1000150.8291873963,0,0.0
2022-08-15,1000150.8291873963,0.0,1000150.8291873963,0,0.0
2022-08-16,1000150.8291873963,0.0,1000150.8291873963,0,0.0
2022-08-17,1000150.8291873963,0.0,1000150.8291873963,0,0.0
2022-08-18,1000150.8291873963,0.0,1000150.8291873963,0,0.0
2022-08-19,1000150.8291873963,0.0,1000150.8291873963,0,0.0
2022-08-22,1000150.8291873963,0.0,1000150.8291873963,0,0.0
2022-08-23,1000150.8291873963,0.0,1000150.8291873963,0,0.0
2022-08-24,1000150.8291873963,0.0,1000150.8291873963,0,0.0
2022-08-25,1000150.8291873963,0.0,1000150.8291873963,0,0.0
2022-08-26,1000150.8291873963,0.0,1000150.8291873963,0,0.0
2022-08-29,1000150.8291873963,0.0,1000150.8291873963,0,0.0
2022-08-30,1000150.8291873963,0.0,1000150.8291873963,0,0.0
2022-08-31,1000150.8291873963,0.0,1000150.8291873963,0,0.0
2022-09-01,1000150.8291873963,0.0,1000150.8291873963,0,0.0
2022-09-02,1000150.8291873963,0.0,1000150.8291873963,0,0.0
2022-09-05,1000150.8291873963,0.0,1000150.8291873963,0,0.0
2022-09-06,1000150.8291873963,0.0,1000150.8291873963,0,0.0
2022-09-07,1000150.8291873963,0.0,1000150.8291873963,0,0.0
2022-09-08,1000150.8291873963,0.0,1000150.8291873963,0,0.0
2022-09-12,1000150.8291873963,0.0,1000150.8291873963,0,0.0
2022-09-13,1000150.8291873963,0.0,1000150.8291873963,0,0.0
2022-09-14,1000150.8291873963,0.0,1000150.8291873963,0,0.0
2022-09-15,1000150.8291873963,0.0,1000150.8291873963,0,0.0
2022-09-16,1000150.8291873963,0.0,1000150.8291873963,0,0.0
2022-09-19,1000150.8291873963,0.0,1000150.8291873963,0,0.0
2022-09-20,1000150.8291873963,0.0,1000150.8291873963,0,0.0
2022-09-21,1000150.8291873963,0.0,1000150.8291873963,0,0.0
2022-09-22,1000150.8291873963,0.0,1000150.8291873963,0,0.0
2022-09-23,1000150.8291873963,0.0,1000150.8291873963,0,0.0
2022-09-26,1000150.8291873963,0.0,1000150.8291873963,0,0.0
2022-09-27,1000150.8291873963,0.0,1000150.8291873963,0,0.0
2022-09-28,1000150.8291873963,0.0,1000150.8291873963,0,0.0
2022-09-29,1000150.8291873963,0.0,1000150.8291873963,0,0.0
2022-09-30,1000150.8291873963,0.0,1000150.8291873963,0,0.0
2022-10-03,1000150.8291873963,0.0,1000150.8291873963,0,0.0
2022-10-04,1000150.8291873963,0.0,1000150.8291873963,0,0.0
2022-10-05,1000150.8291873963,0.0,1000150.8291873963,0,0.0
2022-10-06,1000150.8291873963,0.0,1000150.8291873963,0,0.0
2022-10-07,1000150.8291873963,0.0,1000150.8291873963,0,0.0
2022-10-11,1000150.8291873963,0.0,1000150.8291873963,0,0.0
2022-10-12,1000150.8291873963,0.0,1000150.8291873963,0,0.0
2022-10-13,1000150.8291873963,0.0,1000150.8291873963,0,0.0
2022-10-14,1000150.8291873963,0.0,1000150.8291873963,0,0.0
2022-10-17,1000150.8291873963,0.0,1000150.8291873963,0,0.0
2022-10-18,1000150.8291873963,0.0,1000150.8291873963,0,0.0
2022-10-19,1000150.8291873963,0.0,1000150.8291873963,0,0.0
2022-10-20,1000150.8291873963,0.0,1000150.8291873963,0,0.0
2022-10-21,1000150.8291873963,0.0,1000150.8291873963,0,0.0
2022-10-24,1000150.8291873963,0.0,1000150.8291873963,0,0.0
2022-10-25,1000150.8291873963,0.0,1000150.8291873963,0,0.0
2022-10-26,1000150.8291873963,0.0,1000150.8291873963,0,0.0
2022-10-27,1000150.8291873963,0.0,1000150.8291873963,0,0.0
2022-10-28,1000150.8291873963,0.0,1000150.8291873963,0,0.0
2022-10-31,1000150.8291873963,0.0,1000150.8291873963,0,0.0
2022-11-01,1000150.8291873963,0.0,1000150.8291873963,0,0.0
2022-11-02,1000150.8291873963,0.0,1000150.8291873963,0,0.0
2022-11-03,1000150.8291873963,0.0,1000150.8291873963,0,0.0
2022-11-04,1000150.8291873963,0.0,1000150.8291873963,0,0.0
2022-11-07,1000150.8291873963,0.0,1000150.8291873963,0,0.0
2022-11-08,1000150.8291873963,0.0,1000150.8291873963,0,0.0
2022-11-09,1000150.8291873963,0.0,1000150.8291873963,0,0.0
2022-11-10,1000150.8291873963,0.0,1000150.8291873963,0,0.0
2022-11-11,1000150.8291873963,0.0,1000150.8291873963,0,0.0
2022-11-14,1000150.8291873963,0.0,1000150.8291873963,0,0.0
2022-11-15,1000150.8291873963,0.0,1000150.8291873963,0,0.0
2022-11-16,1000150.8291873963,0.0,1000150.8291873963,0,0.0
2022-11-17,1000150.8291873963,0.0,1000150.8291873963,0,0.0
2022-11-18,1000150.8291873963,0.0,1000150.8291873963,0,0.0
2022-11-21,1000150.8291873963,0.0,1000150.8291873963,0,0.0
2022-11-22,1000150.8291873963,0.0,1000150.8291873963,0,0.0
2022-11-23,1000150.8291873963,0.0,1000150.8291873963,0,0.0
2022-11-24,1000150.8291873963,0.0,1000150.8291873963,0,0.0
2022-11-25,1000150.8291873963,0.0,1000150.8291873963,0,0.0
2022-11-28,1000150.8291873963,0.0,1000150.8291873963,0,0.0
2022-11-29,1000150.8291873963,0.0,1000150.8291873963,0,0.0
2022-11-30,1000150.8291873963,0.0,1000150.8291873963,0,0.0
2022-12-01,1000150.8291873963,0.0,1000150.8291873963,0,0.0
2022-12-02,1000150.8291873963,0.0,1000150.8291873963,0,0.0
2022-12-05,1000150.8291873963,0.0,1000150.8291873963,0,0.0
2022-12-06,1000150.8291873963,0.0,1000150.8291873963,0,0.0
2022-12-07,1000150.8291873963,0.0,1000150.8291873963,0,0.0
2022-12-08,1000150.8291873963,0.0,1000150.8291873963,0,0.0
2022-12-09,1000150.8291873963,0.0,1000150.8291873963,0,0.0
2022-12-12,1000150.8291873963,0.0,1000150.8291873963,0,0.0
2022-12-13,1000150.8291873963,0.0,1000150.8291873963,0,0.0
2022-12-14,1000150.8291873963,0.0,1000150.8291873963,0,0.0
2022-12-15,1000150.8291873963,0.0,1000150.8291873963,0,0.0
2022-12-16,1000150.8291873963,0.0,1000150.8291873963,0,0.0
2022-12-19,1000150.8291873963,0.0,1000150.8291873963,0,0.0
2022-12-20,1000150.8291873963,0.0,1000150.8291873963,0,0.0
2022-12-21,1000150.8291873963,0.0,1000150.8291873963,0,0.0
2022-12-22,1000150.8291873963,0.0,1000150.8291873963,0,0.0
2022-12-23,1000150.8291873963,0.0,1000150.8291873963,0,0.0
2022-12-26,1000150.8291873963,0.0,1000150.8291873963,0,0.0
2022-12-27,1000150.8291873963,0.0,1000150.8291873963,0,0.0
2022-12-28,1000150.8291873963,0.0,1000150.8291873963,0,0.0
2022-12-29,1000150.8291873963,0.0,1000150.8291873963,0,0.0
2022-12-30,1000150.8291873963,0.0,1000150.8291873963,0,0.0
2023-01-03,1000150.8291873963,0.0,1000150.8291873963,0,0.0
2023-01-04,1000150.8291873963,0.0,1000150.8291873963,0,0.0
2023-01-05,1000150.8291873963,0.0,1000150.8291873963,0,0.0
2023-01-06,1000150.8291873963,0.0,1000150.8291873963,0,0.0
2023-01-09,1000150.8291873963,0.0,1000150.8291873963,0,0.0
2023-01-10,1000150.8291873963,0.0,1000150.8291873963,0,0.0
2023-01-11,1000150.8291873963,0.0,1000150.8291873963,0,0.0
2023-01-12,1000150.8291873963,0.0,1000150.8291873963,0,0.0
2023-01-13,1000150.8291873963,0.0,1000150.8291873963,0,0.0
2023-01-16,1000150.8291873963,0.0,1000150.8291873963,0,0.0
2023-01-17,599520.4115398009,400060.3316749586,999580.7432147595,2,40.02281300341195
2023-01-30,396030.5740864689,619681.2508113406,1015711.8248978095,3,61.00955365698205
2023-01-31,588698.3034507923,413804.98491218186,1002503.2883629742,2,41.277169832320425
2023-02-01,588698.3034507923,415094.93383100815,1003793.2372818005,2,41.352633033776485
2023-02-02,588698.3034507923,421773.622519367,1010471.9259701594,2,41.740261325362404
2023-02-03,588698.3034507923,418126.16819782124,1006824.4716486136,2,41.529201958427294
2023-02-06,588698.3034507923,412217.29947653844,1000915.6029273308,2,41.18402173679238
2023-02-07,588698.3034507923,412652.62083853513,1001350.9242893275,2,41.20959104635574
2023-02-08,588698.3034507923,417860.4620153316,1006558.7654661239,2,41.51376713925153
2023-02-09,785512.2066631773,219837.2878083287,1005349.494471506,1,21.86675270811104
2023-02-10,785512.2066631773,221143.25189431873,1006655.4585574961,1,21.96811729518754
2023-02-13,785512.2066631773,216572.3775933535,1002084.5842565309,1,21.612185338030464
2023-02-14,785512.2066631773,219401.966446332,1004914.1731095093,1,21.83290596523639
2023-02-15,785512.2066631773,217225.35963634856,1002737.5662995259,1,21.663231431329617
2023-02-16,584504.5365189018,418817.6441650458,1003322.1806839476,2,41.743086341372916
2023-02-17,584504.5365189018,418500.1863625351,1003004.7228814369,2,41.72464763279137
2023-02-20,584504.5365189018,421737.5652078928,1006242.1017267946,2,41.91213669992105
2023-02-21,584504.5365189018,422055.0230104035,1006559.5595293053,2,41.93045697243866
2023-02-22,584504.5365189018,416776.9673525221,1001281.5038714239,2,41.624354963221315
2023-02-23,584504.5365189018,420903.0553598469,1005407.5918787487,2,41.86392252850697
2023-02-24,584504.5365189018,418989.70703845297,1003494.2435573548,2,41.75307528951516
2023-03-01,584504.5365189018,424041.5005090061,1008546.0370279079,2,42.04483334827404
2023-03-02,584504.5365189018,422018.89013445604,1006523.4266533579,2,41.928372351714515
2023-03-03,584504.5365189018,425220.1361038663,1009724.6726227681,2,42.11248349506539
2023-03-06,584504.5365189018,429010.69987070677,1013515.2363896086,2,42.32898376535007
2023-03-07,584504.5365189018,428647.64426060487,1013152.1807795067,2,42.30831778211331
2023-03-08,584504.5365189018,430824.25107058836,1015328.7875894902,2,42.43199408276562
2023-03-09,584504.5365189018,431386.90092371486,1015891.4374426167,2,42.46387803106983
2023-03-10,784572.6690850905,226367.10823827906,1010939.7773233696,1,22.391750064244523
2023-03-13,784572.6690850905,228543.7150482625,1013116.384133353,1,22.558485740388548
2023-03-14,784572.6690850905,220707.9305323221,1005280.5996174125,1,21.954858237224375
2023-03-15,784572.6690850905,225061.144152289,1009633.8132373795,1,22.291363581676503
2023-03-16,784572.6690850905,226367.10823827906,1010939.7773233696,1,22.391750064244523
2023-03-17,784572.6690850905,231590.96458223936,1016163.6336673299,1,22.79071567897275
2023-03-20,784572.6690850905,231590.96458223936,1016163.6336673299,1,22.79071567897275
2023-03-21,784572.6690850905,229849.67913425254,1014422.348219343,1,22.658183698113223
2023-03-22,784572.6690850905,232896.9286682294,1017469.5977533199,1,22.889816971680567
2023-03-23,580963.1473770419,435346.07695010136,1016309.2243271433,2,42.835985990221246
2023-03-24,580963.1473770419,435059.4467566952,1016022.594133737,2,42.819859446888366
2023-03-27,580963.1473770419,433372.6699720116,1014335.8173490535,2,42.72477246289325
2023-03-28,580963.1473770419,428138.06148427643,1009101.2088613183,2,42.42766312483091
2023-03-29,580963.1473770419,425424.5333963494,1006387.6807733913,2,42.27243054778037
2023-03-30,580963.1473770419,429037.6259064791,1010000.773283521,2,42.47894033899342
2023-03-31,580963.1473770419,433187.6396945523,1014150.7870715942,2,42.714322684243136
2023-04-06,580963.1473770419,431751.15399440605,1012714.301371448,2,42.63306575306735
2023-04-07,580963.1473770419,430009.8685464193,1010973.0159234612,2,42.53425776687343
2023-04-10,580963.1473770419,428703.9044604293,1009667.0518374711,2,42.45992811989263
2023-04-11,804595.0009014872,201651.1837756161,1006246.1846771033,1,20.039945179054214
2023-04-12,804595.0009014872,201150.60160654137,1005745.6025080285,1,20.000147264371027
2023-04-13,1003111.2262705015,0.0,1003111.2262705015,0,0.0
2023-04-14,802203.0943169141,200622.24525410033,1002825.3395710144,1,20.00570162496312
2023-04-17,802203.0943169141,197751.65668925626,999954.7510061704,1,19.776060515765877
2023-04-18,802203.0943169141,196156.8852643429,998359.979581257,1,19.64791150248402
2023-04-19,802203.0943169141,194881.06812441224,997084.1624413263,1,19.545097140772214
2023-04-20,802203.0943169141,195518.97669437758,997722.0710112917,1,19.5965371895802
2023-04-21,802203.0943169141,193286.29669949887,995489.391016413,1,19.416208594865083
2023-04-24,802203.0943169141,192967.34241451617,995170.4367314302,1,19.3903813148132
2023-04-25,990823.5842062582,0.0,990823.5842062582,0,0.0
2023-04-26,990823.5842062582,0.0,990823.5842062582,0,0.0
2023-04-27,990823.5842062582,0.0,990823.5842062582,0,0.0
2023-04-28,990823.5842062582,0.0,990823.5842062582,0,0.0
2023-05-02,990823.5842062582,0.0,990823.5842062582,0,0.0
2023-05-03,990823.5842062582,0.0,990823.5842062582,0,0.0
2023-05-04,990823.5842062582,0.0,990823.5842062582,0,0.0
2023-05-05,990823.5842062582,0.0,990823.5842062582,0,0.0
2023-05-08,990823.5842062582,0.0,990823.5842062582,0,0.0
2023-05-09,990823.5842062582,0.0,990823.5842062582,0,0.0
2023-05-10,990823.5842062582,0.0,990823.5842062582,0,0.0
2023-05-11,990823.5842062582,0.0,990823.5842062582,0,0.0
2023-05-12,990823.5842062582,0.0,990823.5842062582,0,0.0
2023-05-15,792376.4826435078,198164.71684125165,990541.1994847595,1,20.005701624963116
2023-05-16,593674.2997585582,398140.12849531684,991814.428253875,2,40.142603006517746
2023-05-17,593674.2997585582,401826.2036246682,995500.5033832263,2,40.364239119825115
2023-05-18,593674.2997585582,405482.205240637,999156.5049991952,2,40.58245161912483
2023-05-19,593674.2997585582,408912.5337568255,1002586.8335153837,2,40.78574743726187
2023-05-22,593674.2997585582,410176.3518153593,1003850.6515739175,2,40.860296416827744
2023-05-23,593674.2997585582,410484.78795164713,1004159.0877102052,2,40.87846168754793
2023-05-24,593674.2997585582,409303.7329296209,1002978.032688179,2,40.80884322387462
2023-05-25,192944.99024634622,806882.4901086228,999827.480354969,4,80.7021717208808
2023-05-26,192944.99024634622,815148.2313276491,1008093.2215739953,4,80.86040198295453
2023-05-29,192944.99024634622,818993.5816960279,1011938.5719423741,4,80.93313214892123
2023-05-30,192944.99024634622,818091.9520393108,1011036.942285657,4,80.91612856300242
2023-05-31,192944.99024634622,813902.147470914,1006847.1377172602,4,80.83671462941294
2023-06-01,192944.99024634622,809082.7124819955,1002027.7027283417,4,80.74454531336892
2023-06-02,192944.99024634622,817641.056050639,1010586.0462969852,4,80.90761385897419
2023-06-05,387470.56587023276,620605.1881699769,1008075.7540402097,3,61.56334835776861
2023-06-06,387470.56587023276,622786.050871301,1010256.6167415337,3,61.646322384903115
2023-06-07,183994.00940764882,831651.5239273094,1015645.5333349583,4,81.88403302444614
2023-06-08,183994.00940764882,825689.0146806533,1009683.0240883022,4,81.77705230076666
2023-06-09,183994.00940764882,834343.3652857788,1018337.3746934276,4,81.93192020836507
2023-06-12,183994.00940764882,842217.4691764629,1026211.4785841117,4,82.0705562890887
2023-06-13,183994.00940764882,855692.0133021321,1039686.022709781,4,82.30292555745851
2023-06-14,183994.00940764882,860914.8087936593,1044908.8182013081,4,82.39138131455589
2023-06-15,183994.00940764882,874766.3443732571,1058760.353780906,4,82.62175111198738
2023-06-16,389923.6096875699,666280.8570395365,1056204.4667271064,3,63.082563843359004
2023-06-19,389923.6096875699,665631.1069403325,1055554.7166279024,3,63.0598391968511
2023-06-20,389923.6096875699,659918.1154734702,1049841.7251610402,3,62.85881953989229
2023-06-21,389923.6096875699,658567.478740169,1048491.0884277389,3,62.81097531574842
2023-06-26,604219.4803844068,430041.4299499428,1034260.9103343496,2,41.57958844358931
2023-06-27,815034.646594632,214727.95444089876,1029762.6010355307,1,20.85218032049018
2023-06-28,815034.646594632,215517.8102901296,1030552.4568847616,1,20.91284231582102
2023-06-29,815034.646594632,216646.17578903076,1031680.8223836627,1,20.999341180780824
2023-06-30,815034.646594632,217210.35853848138,1032245.0051331134,1,21.0425196981671
2023-07-03,815034.646594632,220256.9453855146,1035291.5919801466,1,21.27487048979515
2023-07-04,815034.646594632,222965.02258287751,1037999.6691775095,1,21.480259503314734
2023-07-05,815034.646594632,222175.1667336467,1037209.8133282787,1,21.42046516323577
2023-07-06,815034.646594632,219918.43573584425,1034953.0823304763,1,21.24912128776297
2023-07-07,1031957.8727855217,0.0,1031957.8727855217,0,0.0
2023-07-10,1031957.8727855217,0.0,1031957.8727855217,0,0.0
2023-07-11,1031957.8727855217,0.0,1031957.8727855217,0,0.0
2023-07-12,825272.1902346734,206391.57455710435,1031663.7647917778,1,20.005701624963116
2023-07-13,825272.1902346734,209520.5430343549,1034792.7332690284,1,20.247585463076803
2023-07-14,617151.0093344714,421677.99115805386,1038829.0004925253,2,40.591665322986714
2023-07-17,617151.0093344714,430221.4558400188,1047372.4651744902,2,41.07626180227535
2023-07-18,617151.0093344714,432091.8734401019,1049242.8827745733,2,41.181301349168706
2023-07-19,617151.0093344714,425813.35814550583,1042964.3674799772,2,40.82722012587651
2023-07-20,617151.0093344714,429206.9835919008,1046357.9929263722,2,41.01913365152669
2023-07-21,617151.0093344714,434656.71054772736,1051807.7198821988,2,41.32473096854702
2023-07-24,617151.0093344714,436311.28827699664,1053462.297611468,2,41.4168868944102
2023-07-25,617151.0093344714,438728.1780467972,1055879.1873812687,2,41.55098265881211
2023-07-26,617151.0093344714,439769.8073081109,1056920.8166425824,2,41.608586034390434
2023-07-27,617151.0093344714,441083.17318014835,1058234.1825146198,2,41.68105514528252
2023-07-28,617151.0093344714,442008.59377862123,1059159.6031130927,2,41.73201021635125
2023-07-31,617151.0093344714,435991.23553642107,1053142.2448708925,2,41.399083329894374
2023-08-01,406234.81138776604,646545.4109468601,1052780.2223346261,3,61.413141815401204
2023-08-02,618888.0288975604,423396.08930176287,1042284.1181993233,2,40.62194577359893
2023-08-04,827327.3476787754,208548.31059341284,1035875.6582721883,1,20.13256213986779
2023-08-07,827327.3476787754,208548.31059341284,1035875.6582721883,1,20.13256213986779
2023-08-08,827327.3476787754,203822.0032711825,1031149.350949958,1,19.76648708389422
2023-08-09,827327.3476787754,207071.33955521588,1034398.6872339913,1,20.01852304249631
2023-08-10,827327.3476787754,204708.1858941007,1032035.5335728761,1,19.835381557591052
2023-08-11,1027012.4806145064,0.0,1027012.4806145064,0,0.0
2023-08-14,1027012.4806145064,0.0,1027012.4806145064,0,0.0
2023-08-15,1027012.4806145064,0.0,1027012.4806145064,0,0.0
2023-08-16,1027012.4806145064,0.0,1027012.4806145064,0,0.0
2023-08-17,1027012.4806145064,0.0,1027012.4806145064,0,0.0
2023-08-18,1027012.4806145064,0.0,1027012.4806145064,0,0.0
2023-08-21,1027012.4806145064,0.0,1027012.4806145064,0,0.0
2023-08-22,1027012.4806145064,0.0,1027012.4806145064,0,0.0
2023-08-23,1027012.4806145064,0.0,1027012.4806145064,0,0.0
2023-08-24,1027012.4806145064,0.0,1027012.4806145064,0,0.0
2023-08-25,1027012.4806145064,0.0,1027012.4806145064,0,0.0
2023-08-28,1027012.4806145064,0.0,1027012.4806145064,0,0.0
2023-08-29,1027012.4806145064,0.0,1027012.4806145064,0,0.0
2023-08-30,1027012.4806145064,0.0,1027012.4806145064,0,0.0
2023-08-31,1027012.4806145064,0.0,1027012.4806145064,0,0.0
2023-09-01,1027012.4806145064,0.0,1027012.4806145064,0,0.0
2023-09-04,1027012.4806145064,0.0,1027012.4806145064,0,0.0
2023-09-05,821317.28593463,205402.4961229013,1026719.7820575313,1,20.005701624963116
2023-09-06,821317.28593463,206371.8330559966,1027689.1189906265,1,20.081153847253965
2023-09-07,821317.28593463,205499.42981621082,1026816.7157508407,1,20.013253257758194
2023-09-08,821317.28593463,204723.96026973455,1026041.2462043646,1,19.952800243369367
2023-09-11,821317.28593463,202882.22009685342,1024199.5060314834,1,19.808857444480832
2023-09-12,615894.2723976468,409466.9277827217,1025361.2001803685,2,39.933920623356286
2023-09-13,615894.2723976468,411757.22387323953,1027651.4962708864,2,40.067788094253046
2023-09-14,615894.2723976468,415528.60977508355,1031422.8821727303,2,40.28692953754887
2023-09-15,615894.2723976468,427180.60993532394,1043074.8823329707,2,40.95397340791869
2023-09-18,615894.2723976468,430546.58760631643,1046440.8600039632,2,41.143900631392185
2023-09-19,615894.2723976468,426917.39158983063,1042811.6639874774,2,40.93906947275546
2023-09-20,615894.2723976468,420786.09132766235,1036680.3637253091,2,40.58976190265322
2023-09-21,1028697.9052154014,0.0,1028697.9052154014,0,0.0
2023-09-22,1028697.9052154014,0.0,1028697.9052154014,0,0.0
2023-09-25,1028697.9052154014,0.0,1028697.9052154014,0,0.0
2023-09-26,1028697.9052154014,0.0,1028697.9052154014,0,0.0
2023-09-27,1028697.9052154014,0.0,1028697.9052154014,0,0.0
2023-09-28,1028697.9052154014,0.0,1028697.9052154014,0,0.0
2023-10-02,822665.1452693348,205739.5810430803,1028404.7263124151,1,20.005701624963116
2023-10-03,822665.1452693348,204933.66214699662,1027598.8074163314,1,19.942964186797447
2023-10-04,822665.1452693348,203724.78380287107,1026389.9290722059,1,19.84867329972985
2023-10-05,822665.1452693348,205451.75286590753,1028116.8981352423,1,19.983306688037885
2023-10-06,822665.1452693348,206027.40922025306,1028692.5544895879,1,20.02808402968162
2023-10-11,616644.9865266806,411696.8413556492,1028341.8278823298,2,40.035018531090856
2023-10-12,616644.9865266806,413100.88993383746,1029745.8764605181,2,40.116780205400154
2023-10-13,616644.9865266806,418428.05188896717,1035073.0384156478,2,40.42497836958841
2023-10-16,616644.9865266806,416771.2674412816,1033416.2539679622,2,40.32946703141388
2023-10-17,616644.9865266806,411541.0885129578,1028186.0750396384,2,40.02593484813458
2023-10-18,816660.0536938342,205474.26190133332,1022134.3155951676,1,20.102471736475252
2023-10-19,816660.0536938342,209770.771682788,1026430.8253766223,1,20.43691269753303
2023-10-20,611182.594240522,414450.37067131884,1025632.9649118409,2,40.40922872510667
2023-10-23,611182.594240522,406620.90104014263,1017803.4952806646,2,39.95082576603009
2023-10-24,611182.594240522,403625.70210845745,1014808.2963489795,2,39.773591087163894
2023-10-25,611182.594240522,405142.11732544145,1016324.7115659635,2,39.86345237057105
2023-10-26,1009826.1549103475,0.0,1009826.1549103475,0,0.0
2023-10-27,1009826.1549103475,0.0,1009826.1549103475,0,0.0
2023-10-30,807573.1234741285,201965.2309820695,1009538.354456198,1,20.005701624963116
2023-10-31,1005125.3198930877,0.0,1005125.3198930877,0,0.0
2023-11-01,1005125.3198930877,0.0,1005125.3198930877,0,0.0
2023-11-02,1005125.3198930877,0.0,1005125.3198930877,0,0.0
2023-11-03,1005125.3198930877,0.0,1005125.3198930877,0,0.0
2023-11-06,1005125.3198930877,0.0,1005125.3198930877,0,0.0
2023-11-07,1005125.3198930877,0.0,1005125.3198930877,0,0.0
2023-11-08,1005125.3198930877,0.0,1005125.3198930877,0,0.0
2023-11-09,1005125.3198930877,0.0,1005125.3198930877,0,0.0
2023-11-10,1005125.3198930877,0.0,1005125.3198930877,0,0.0
2023-11-13,401190.7458087264,603075.1919358526,1004265.937744579,3,60.05134389903368
2023-11-14,199558.30714625504,806882.3819590326,1006440.6891052877,4,80.17187606716699
2023-11-15,199558.30714625504,821579.2676043704,1021137.5747506254,4,80.45725550790846
2023-11-16,199558.30714625504,821105.4426764502,1020663.7498227053,4,80.4481831375985
2023-11-17,199558.30714625504,821494.5659491263,1021052.8730953813,4,80.4556343354402
2023-11-20,199558.30714625504,817898.7625218407,1017457.0696680958,4,80.3865624314397
2023-11-21,199558.30714625504,829677.3621559367,1029235.6693021917,4,80.61101911853163
2023-11-22,199558.30714625504,825320.9745055295,1024879.2816517845,4,80.52860363957895
2023-11-23,199558.30714625504,823720.5714267236,1023278.8785729787,4,80.49815047247428
2023-11-24,199558.30714625504,820917.7268618611,1020476.0340081161,4,80.44458659529207
2023-11-27,398642.3350692864,615951.2675574597,1014593.602626746,3,60.70916137878104
2023-11-28,398642.3350692864,620001.3636569362,1018643.6987262226,3,60.86538054790165
2023-11-29,398642.3350692864,619996.8071640027,1018639.1422332891,3,60.86520549413669
2023-11-30,398642.3350692864,625800.04011906,1024442.3751883464,3,61.08689520032837
2023-12-01,398642.3350692864,623423.0699479032,1022065.4050171896,3,60.99639679492118
2023-12-04,398642.3350692864,625539.146777958,1024181.4818472444,3,61.076982728658294
2023-12-05,398642.3350692864,622079.822690272,1020722.1577595584,3,60.945068935870914
2023-12-06,398642.3350692864,624657.0701981017,1023299.4052673881,3,61.04343137333094
2023-12-07,600799.4341304098,414324.41526291985,1015123.8493933297,2,40.81515920550318
2023-12-08,600799.4341304098,424252.2424458775,1025051.6765762874,2,41.388376034162164
2023-12-11,395158.16346193064,631292.45893285,1026450.6223947806,3,61.5024673529839
2023-12-12,395158.16346193064,632036.5944200481,1027194.7578819788,3,61.5303563000335
2023-12-13,395158.16346193064,636755.0120142589,1031913.1754761895,3,61.70625854451565
2023-12-14,395158.16346193064,649402.2595594383,1044560.4230213689,3,62.16990853253429
2023-12-15,187195.62622124245,850841.5104468784,1038037.1366681209,4,81.9663844761758
2023-12-18,187195.62622124245,853285.395982622,1040481.0222038645,4,82.00874189663358
2023-12-19,187195.62622124245,851483.7498669199,1038679.3760881624,4,81.97753507668054
2023-12-20,187195.62622124245,848208.5599399443,1035404.1861611868,4,81.92052642598638
2023-12-21,187195.62622124245,841774.9494475292,1028970.5756687716,4,81.80748500999884
2023-12-22,187195.62622124245,845810.3862796791,1033006.0125009216,4,81.87855404945424
2023-12-25,395072.982919747,635655.3166453023,1030728.2995650494,3,61.67050200460573
2023-12-26,187553.74782385884,848270.6629602031,1035824.410784062,4,81.89328752332734
2023-12-27,187553.74782385884,855163.8333781707,1042717.5812020296,4,82.01298690987356
2023-12-28,187553.74782385884,860606.6939239942,1048160.4417478531,4,82.10638940818022
2023-12-29,187553.74782385884,859793.246876241,1047346.9947000999,4,82.09249190832276
2024-01-02,187553.74782385884,856043.5666582764,1043597.3144821352,4,82.02814963002001
2024-01-03,803020.7956508459,217129.77822212112,1020150.5738729669,1,21.284091170756813
2024-01-04,803020.7956508459,216744.79634584076,1019765.5919966866,1,21.254374343172092
2024-01-05,803020.7956508459,216359.81446956043,1019380.6101204063,1,21.224635069721863
2024-01-08,803020.7956508459,218669.70572724254,1021690.5013780884,1,21.402734529908415
2024-01-09,803020.7956508459,216359.81446956043,1019380.6101204063,1,21.224635069721863
2024-01-10,803020.7956508459,215974.83259328007,1018995.628244126,1,21.19487332496562
2024-01-11,803020.7956508459,218284.7238509622,1021305.5195018081,1,21.37310723214747
2024-01-12,803020.7956508459,215974.83259328007,1018995.628244126,1,21.19487332496562
2024-01-15,803020.7956508459,216744.79634584076,1019765.5919966866,1,21.254374343172092
2024-01-16,803020.7956508459,215204.86884071937,1018225.6644915652,1,21.135282319580746
2024-01-17,1014207.1562951225,0.0,1014207.1562951225,0,0.0
2024-01-18,1014207.1562951225,0.0,1014207.1562951225,0,0.0
2024-01-19,811076.6759965539,202841.4312590245,1013918.1072555784,1,20.005701624963116
2024-01-22,811076.6759965539,203888.35477520013,1014965.030771754,1,20.088214725995883
2024-01-23,811076.6759965539,204542.68197280992,1015619.3579693638,1,20.139699028755608
2024-01-24,811076.6759965539,204673.54741233183,1015750.2234088856,1,20.14998792965477
2024-01-25,811076.6759965539,207029.12532372697,1018105.8013202809,1,20.334735845258063
2024-01-26,811076.6759965539,207029.12532372697,1018105.8013202809,1,20.334735845258063
2024-01-29,811076.6759965539,208337.7797189465,1019414.4557155003,1,20.43700465015671
2024-01-30,811076.6759965539,207945.18340038063,1019021.8593969345,1,20.40635158930195
2024-01-31,811076.6759965539,205327.87460994162,1016404.5506064955,1,20.20139269225242
2024-02-01,811076.6759965539,205327.87460994162,1016404.5506064955,1,20.20139269225242
2024-02-02,811076.6759965539,206636.52900516114,1017713.205001715,1,20.30400391678252
2024-02-05,606929.4621181295,412063.6323346202,1018993.0944527497,2,40.43831450652951
2024-02-15,401226.14644419786,625534.1712479135,1026760.3176921114,3,60.923095728314735
2024-02-16,401226.14644419786,627921.6022437409,1029147.7486879388,3,61.01374686426498
2024-02-19,401226.14644419786,628289.0003250677,1029515.1467692655,3,61.02765969949149
2024-02-20,401226.14644419786,631171.3674181472,1032397.513862345,3,61.13646719826416
2024-02-21,401226.14644419786,629757.0458206448,1030983.1922648427,3,61.083153493240516
2024-02-22,401226.14644419786,632033.701596726,1033259.8480409238,3,61.168901781586825
2024-02-23,401226.14644419786,633787.7859116527,1035013.9323558506,3,61.2347105771856
2024-02-26,401226.14644419786,635385.8065498185,1036611.9529940163,3,61.29447038640178
2024-02-27,401226.14644419786,632922.7808422736,1034148.9272864715,3,61.20228568074959
2024-02-29,602510.3898629227,433626.9194833668,1036137.3093462895,2,41.850333500387784
2024-03-01,602510.3898629227,431085.20540464524,1033595.595267568,2,41.70733770329679
2024-03-04,602510.3898629227,436712.41930408916,1039222.8091670119,2,42.022982506911646
2024-03-05,602510.3898629227,438491.70185625507,1041002.0917191778,2,42.122076924178096
2024-03-06,602510.3898629227,439800.3562514745,1042310.7461143972,2,42.19474450311433
2024-03-07,602510.3898629227,447028.02791574725,1049538.4177786699,2,42.592821791304644
2024-03-08,602510.3898629227,453498.14230679057,1056008.5321697132,2,42.94455286028958
2024-03-11,602510.3898629227,451404.2952744393,1053914.685137362,2,42.831198923431415
2024-03-12,602510.3898629227,455332.695586761,1057843.0854496837,2,43.04350067129298
2024-03-13,602510.3898629227,457532.209821395,1060042.5996843176,2,43.16168142277007
2024-03-14,602510.3898629227,459394.39846526773,1061904.7883281903,2,43.26135483281088
2024-03-15,602510.3898629227,453971.2075904,1056481.5974533227,2,42.97010082188935
2024-03-18,602510.3898629227,454965.29750543425,1057475.687368357,2,43.02371231225795
2024-03-19,602510.3898629227,455908.9909459902,1058419.380808913,2,43.07451273214167
2024-03-20,602510.3898629227,454232.93846944394,1056743.3283323667,2,42.984225808765046
2024-03-21,602510.3898629227,463189.49621140433,1065699.886074327,2,43.46340862600968
2024-03-22,602510.3898629227,459860.15236888785,1062370.5422318105,2,43.28622962406518
2024-03-25,602510.3898629227,458103.6309272979,1060614.0207902207,2,43.19230388694875
2024-03-26,602510.3898629227,460252.7486874537,1062763.1385503765,2,43.307180310680025
2024-03-27,602510.3898629227,461012.7430873463,1063523.1329502692,2,43.3476930406274
2024-03-28,602510.3898629227,458262.13173072215,1060772.5215936447,2,43.20079210217993
2024-03-29,602510.3898629227,460698.178607161,1063208.5684700836,2,43.3309316976337
2024-04-01,602510.3898629227,459022.1261306147,1061532.5159935374,2,43.24145697044378
2024-04-02,602510.3898629227,462555.49299770745,1065065.8828606303,2,43.429754012525756
2024-04-03,817346.7470622186,242886.25575274165,1060233.0028149602,1,22.90876204644348
2024-04-08,817346.7470622186,243671.44838987335,1061018.195452092,1,22.96581240871621
2024-04-09,817346.7470622186,249822.1240474051,1067168.8711096237,1,23.409802404341534
2024-04-10,817346.7470622186,249560.39316836116,1066907.1402305798,1,23.391013496678468
2024-04-11,817346.7470622186,248513.46965218557,1065860.216714404,1,23.315765590561906
2024-04-12,817346.7470622186,248120.87333361967,1065467.6203958383,1,23.2875095013623
2024-04-15,817346.7470622186,245503.56454318066,1062850.3116053992,1,23.098602113815623
2024-04-16,1055249.6403346923,0.0,1055249.6403346923,0,0.0
2024-04-17,1055249.6403346923,0.0,1055249.6403346923,0,0.0
2024-04-18,1055249.6403346923,0.0,1055249.6403346923,0,0.0
2024-04-19,1055249.6403346923,0.0,1055249.6403346923,0,0.0
2024-04-22,1055249.6403346923,0.0,1055249.6403346923,0,0.0
2024-04-23,1055249.6403346923,0.0,1055249.6403346923,0,0.0
2024-04-24,1055249.6403346923,0.0,1055249.6403346923,0,0.0
2024-04-25,1055249.6403346923,0.0,1055249.6403346923,0,0.0
2024-04-26,1055249.6403346923,0.0,1055249.6403346923,0,0.0
2024-04-29,843898.9661202584,211049.92806693848,1054948.8941871969,1,20.00570162496312
2024-04-30,843898.9661202584,210125.6218126307,1054024.5879328891,1,19.935552189035803
2024-05-02,843898.9661202584,210125.6218126307,1054024.5879328891,1,19.935552189035803
2024-05-03,843898.9661202584,214130.948914631,1058029.9150348895,1,20.238647874863712
2024-05-06,630325.3224841993,435719.4394681327,1066044.761952332,2,40.8725275916337
2024-05-07,630325.3224841993,437649.73958832235,1067975.0620725215,2,40.979396910169
2024-05-08,630325.3224841993,440114.5562664764,1070439.8787506758,2,41.115298953561016
2024-05-09,630325.3224841993,439539.1959027249,1069864.5183869242,2,41.083631464424585
2024-05-10,630325.3224841993,446584.7000466307,1076910.02253083,2,41.46908197558778
2024-05-13,630325.3224841993,440730.76043601485,1071056.0829202142,2,41.149176729790916
2024-05-14,630325.3224841993,441140.97203525173,1071466.294519451,2,41.171707807486555
2024-05-15,415060.17580230604,659427.6596076795,1074487.8354099854,3,61.37134715499742
2024-05-16,415060.17580230604,665430.0423460057,1080490.2181483116,3,61.585938601682614
2024-05-17,415060.17580230604,666959.4127518828,1082019.5885541888,3,61.64023459529824
2024-05-20,415060.17580230604,666484.7070541314,1081544.8828564375,3,61.62339793924202
2024-05-21,199864.4793170076,874276.6980642248,1074141.1773812324,4,81.39309026358347
2024-05-22,199864.4793170076,887275.9062349659,1087140.3855519735,4,81.61557771441538
2024-05-23,199864.4793170076,898648.7833371315,1098513.2626541392,4,81.80591112444912
2024-05-24,199864.4793170076,890130.1378733924,1089994.6171904001,4,81.66371868586069
2024-05-27,199864.4793170076,915675.2862386308,1115539.7655556384,4,82.08360782034003
2024-05-28,199864.4793170076,910907.3858889679,1110771.8652059755,4,82.00670312441288
2024-05-29,421023.1058418392,673061.46133317,1094084.5671750093,3,61.51823008262096
2024-05-30,636635.9611694058,447193.4363506743,1083829.3975200802,2,41.26050071846193
2024-05-31,854666.25787857,219274.97854872973,1073941.2364272997,1,20.417781821861677
2024-06-03,854666.25787857,219274.97854872973,1073941.2364272997,1,20.417781821861677
2024-06-04,854666.25787857,216484.2060944732,1071150.4639730433,1,20.21043853087677
2024-06-05,1067017.180462622,0.0,1067017.180462622,0,0.0
2024-06-06,639602.1084847096,426806.8721850489,1066408.9806697585,2,40.02281300341195
2024-06-07,639602.1084847096,421572.4622424424,1061174.570727152,2,39.726966125240544
2024-06-11,639602.1084847096,423078.5592522905,1062680.6677370002,2,39.81238881038881
2024-06-12,639602.1084847096,433082.5732911378,1072684.6817758474,2,40.37370726448357
2024-06-13,423485.87180674577,655250.1471188386,1078736.0189255844,3,60.74239995911738
2024-06-14,423485.87180674577,663999.3570368916,1087485.2288436373,3,61.058241475421816
2024-06-17,423485.87180674577,666007.7354569444,1089493.6072636903,3,61.13002692412775
2024-06-18,423485.87180674577,673268.7124979249,1096754.5843046708,3,61.387362508702815
2024-06-19,423485.87180674577,693496.6196277436,1116982.4914344894,3,62.08661504954457
2024-06-20,423485.87180674577,711999.7603619256,1135485.6321686713,3,62.704427091875445
2024-06-21,423485.87180674577,701773.0157029777,1125258.8875097234,3,62.36547193651146
2024-06-24,423485.87180674577,682204.9017268602,1105690.773533606,3,61.69942971909275
2024-06-25,423485.87180674577,688900.5601953382,1112386.4320020839,3,61.929967893931284
2024-06-26,423485.87180674577,693147.3112435131,1116633.183050259,3,62.07475487608852
2024-06-27,423485.87180674577,695896.0680573827,1119381.9398641284,3,62.167884193472986
2024-06-28,198382.65118596036,925211.5580803774,1123594.2092663378,4,82.34392367369921
2024-07-01,198382.65118596036,931240.628531304,1129623.2797172642,4,82.43815838890875
2024-07-02,198382.65118596036,922460.8113910053,1120843.4625769656,4,82.30059256179693
2024-07-03,198382.65118596036,934560.438916655,1132943.0901026153,4,82.4896190356753
2024-07-04,198382.65118596036,961184.8444390289,1159567.4956249893,4,82.89166849411943
2024-07-05,198382.65118596036,963728.8172985483,1162111.4684845086,4,82.92912026376712
2024-07-08,198382.65118596036,995281.1688121045,1193663.8199980648,4,83.38035819949022
2024-07-09,198382.65118596036,995081.4796656768,1193464.130851637,4,83.3775774187367
2024-07-10,198382.65118596036,1003618.7355961876,1202001.386782148,4,83.4956387432259
2024-07-11,198382.65118596036,1029055.7547530588,1227438.405939019,4,83.83766955424595
2024-07-12,198382.65118596036,999261.1607418874,1197643.8119278478,4,83.43558834353064
2024-07-15,198382.65118596036,997431.7508766626,1195814.4020626228,4,83.41024737252066
2024-07-16,198382.65118596036,1000674.9760101945,1199057.6271961548,4,83.45511953000515
2024-07-17,679639.3097346191,504765.4330722876,1184404.7428069068,2,42.61764706176792
2024-07-18,919400.7627481865,254829.54801776455,1174230.310765951,1,21.70183699750853
2024-07-19,919400.7627481865,251039.1771662417,1170439.9399144282,1,21.448275012265505
2024-07-22,1159169.4033925699,0.0,1159169.4033925699,0,0.0
2024-07-23,1159169.4033925699,0.0,1159169.4033925699,0,0.0
2024-07-26,1159169.4033925699,0.0,1159169.4033925699,0,0.0
2024-07-29,1159169.4033925699,0.0,1159169.4033925699,0,0.0
2024-07-30,1159169.4033925699,0.0,1159169.4033925699,0,0.0
2024-07-31,1159169.4033925699,0.0,1159169.4033925699,0,0.0
2024-08-01,1159169.4033925699,0.0,1159169.4033925699,0,0.0
2024-08-02,1159169.4033925699,0.0,1159169.4033925699,0,0.0
2024-08-05,1159169.4033925699,0.0,1159169.4033925699,0,0.0
2024-08-06,1159169.4033925699,0.0,1159169.4033925699,0,0.0
2024-08-07,1159169.4033925699,0.0,1159169.4033925699,0,0.0
2024-08-08,1159169.4033925699,0.0,1159169.4033925699,0,0.0
2024-08-09,1159169.4033925699,0.0,1159169.4033925699,0,0.0
2024-08-12,1159169.4033925699,0.0,1159169.4033925699,0,0.0
2024-08-13,1159169.4033925699,0.0,1159169.4033925699,0,0.0
2024-08-14,1159169.4033925699,0.0,1159169.4033925699,0,0.0
2024-08-15,1159169.4033925699,0.0,1159169.4033925699,0,0.0
2024-08-16,1159169.4033925699,0.0,1159169.4033925699,0,0.0
2024-08-19,1159169.4033925699,0.0,1159169.4033925699,0,0.0
2024-08-20,1159169.4033925699,0.0,1159169.4033925699,0,0.0
2024-08-21,1159169.4033925699,0.0,1159169.4033925699,0,0.0
2024-08-22,1159169.4033925699,0.0,1159169.4033925699,0,0.0
2024-08-23,1159169.4033925699,0.0,1159169.4033925699,0,0.0
2024-08-26,1159169.4033925699,0.0,1159169.4033925699,0,0.0
2024-08-27,1159169.4033925699,0.0,1159169.4033925699,0,0.0
2024-08-28,1159169.4033925699,0.0,1159169.4033925699,0,0.0
2024-08-29,1159169.4033925699,0.0,1159169.4033925699,0,0.0
2024-08-30,1159169.4033925699,0.0,1159169.4033925699,0,0.0
2024-09-02,1159169.4033925699,0.0,1159169.4033925699,0,0.0
2024-09-03,1159169.4033925699,0.0,1159169.4033925699,0,0.0
2024-09-04,1159169.4033925699,0.0,1159169.4033925699,0,0.0
2024-09-05,1159169.4033925699,0.0,1159169.4033925699,0,0.0
2024-09-06,1159169.4033925699,0.0,1159169.4033925699,0,0.0
2024-09-09,1159169.4033925699,0.0,1159169.4033925699,0,0.0
2024-09-10,1159169.4033925699,0.0,1159169.4033925699,0,0.0
2024-09-11,1159169.4033925699,0.0,1159169.4033925699,0,0.0
2024-09-12,1159169.4033925699,0.0,1159169.4033925699,0,0.0
2024-09-13,1159169.4033925699,0.0,1159169.4033925699,0,0.0
2024-09-16,1159169.4033925699,0.0,1159169.4033925699,0,0.0
2024-09-18,1159169.4033925699,0.0,1159169.4033925699,0,0.0
2024-09-19,1159169.4033925699,0.0,1159169.4033925699,0,0.0
2024-09-20,694840.9154756081,463667.761357028,1158508.6768326361,2,40.02281300341195
2024-09-23,694840.9154756081,467396.2973024904,1162237.2127780984,2,40.21522389437797
2024-09-24,694840.9154756081,469183.56290243485,1164024.478378043,2,40.30701859089745
2024-09-25,694840.9154756081,470970.82850237936,1165811.7439779874,2,40.39853183287816
2024-09-26,694840.9154756081,471124.8332479528,1165965.748723561,2,40.40640419872676
2024-09-27,694840.9154756081,465864.35535968083,1160705.2708352888,2,40.13631772555204
2024-09-30,694840.9154756081,461726.49101151,1156567.406487118,2,39.92214274945961
2024-10-01,694840.9154756081,463412.437699893,1158253.353175501,2,40.00959172096398
2024-10-04,922901.2167588278,230046.61507856948,1152947.8318373973,1,19.95290755800766
2024-10-07,922901.2167588278,232599.85164991877,1155501.0684087465,1,20.129782482177593
2024-10-08,922901.2167588278,233365.82262132355,1156267.0393801513,1,20.182692637024896
2024-10-09,922901.2167588278,231323.2333642441,1154224.450123072,1,20.041442835453598
2024-10-11,922901.2167588278,231578.55702137903,1154479.773780207,1,20.05912639448871
2024-10-14,922901.2167588278,231067.9097071092,1153969.1264659371,1,20.0237514511988
2024-10-15,691062.5852832278,466151.17244016344,1157213.7577233913,2,40.28220104790592
2024-10-16,691062.5852832278,459829.19458751986,1150891.7798707476,2,39.95416446880537
2024-10-17,459107.4422969749,698687.8782237922,1157795.320520767,3,60.34640716197816
2024-10-18,226697.22363359437,933369.5899124098,1160066.8135460042,4,80.45826145645495
2024-10-21,226697.22363359437,930475.4312336772,1157172.6548672717,4,80.40938638844722
2024-10-22,226697.22363359437,941040.7501814025,1167737.973814997,4,80.58663598195962
2024-10-23,226697.22363359437,934416.1623946349,1161113.3860282293,4,80.47587545183268
2024-10-24,226697.22363359437,926125.5328775328,1152822.756511127,4,80.33546593756833
2024-10-25,226697.22363359437,935497.9285102319,1162195.1521438262,4,80.49404842074753
2024-10-28,226697.22363359437,930222.7991828744,1156920.0228164687,4,80.40510846361614
2024-10-29,226697.22363359437,918432.3544803672,1145129.5781139615,4,80.2033561994821
2024-10-30,672403.0469874234,468375.41072326974,1140778.4577106931,2,41.05752589886756
2024-11-01,672403.0469874234,463439.71725238184,1135842.7642398053,2,40.80139715135236
2024-11-04,672403.0469874234,475001.2647533995,1147404.3117408229,2,41.3978978371395
2024-11-05,672403.0469874234,475001.2647533995,1147404.3117408229,2,41.3978978371395
2024-11-06,672403.0469874234,472144.152004564,1144547.1989919874,2,41.25161045524251
2024-11-07,672403.0469874234,478101.1401039916,1150504.187091415,2,41.55579314428026
2024-11-08,672403.0469874234,481006.80537317845,1153409.852360602,2,41.703025545406604
2024-11-11,672403.0469874234,480179.720826044,1152582.7678134674,2,41.661192084016626
2024-11-12,672403.0469874234,473469.3228105899,1145872.3697980135,2,41.31955139943289
2024-11-13,672403.0469874234,472241.25704526657,1144644.30403269,2,41.25659433079045
2024-11-14,901940.0934941745,236541.53004475575,1138481.6235389302,1,20.776930005200672
2024-11-15,1132424.3988903055,0.0,1132424.3988903055,0,0.0
2024-11-18,1132424.3988903055,0.0,1132424.3988903055,0,0.0
2024-11-19,1132424.3988903055,0.0,1132424.3988903055,0,0.0
2024-11-20,905616.7781585606,226484.87977806112,1132101.6579366217,1,20.00570162496312
2024-11-21,905616.7781585606,226484.87977806112,1132101.6579366217,1,20.00570162496312
2024-11-22,905616.7781585606,224699.19084419994,1130315.9690027605,1,19.879325516602623
2024-11-25,905616.7781585606,222318.27226571835,1127935.050424279,1,19.710201592023594
2024-11-26,905616.7781585606,226187.26495575093,1131804.0431143115,1,19.984666633047727
2024-11-27,905616.7781585606,224401.57602188975,1130018.3541804503,1,19.85822400067455
2024-11-28,905616.7781585606,224699.19084419994,1130315.9690027605,1,19.879325516602623
2024-11-29,905616.7781585606,222615.88708802854,1128232.665246589,1,19.731381118926663
2024-12-02,905616.7781585606,229758.64282347335,1135375.420982034,1,20.236358703691636
2024-12-03,905616.7781585606,232139.5614019549,1137756.3395605155,1,20.40327558109886
2024-12-04,905616.7781585606,230949.1021127141,1136565.8802712748,1,20.319904558246225
2024-12-05,905616.7781585606,232437.1762242651,1138053.9543828256,1,20.424091083653177
2024-12-06,905616.7781585606,232734.79104657532,1138351.569205136,1,20.444895702044356
2024-12-09,905616.7781585606,232437.1762242651,1138053.9543828256,1,20.424091083653177
2024-12-10,677622.03412031,460405.1048876025,1138027.1390079125,2,40.456425783392625
2024-12-11,449692.2685841102,688010.532689185,1137702.8012732952,3,60.47366077671399
2024-12-12,449692.2685841102,697418.7921957495,1147111.0607798598,3,60.797843908994444
2024-12-13,449692.2685841102,705772.7828454496,1155465.05142956,3,61.08127476224886
2024-12-16,449692.2685841102,704989.6800273898,1154681.9486115,3,61.05488016636414
2024-12-17,449692.2685841102,708166.2625668624,1157858.5311509725,3,61.16172602389584
2024-12-18,449692.2685841102,709427.2302351469,1159119.4988192571,3,61.20397689434166
2024-12-19,449692.2685841102,702699.565788103,1152391.834372213,3,60.97748568054647
2024-12-20,677841.6336596467,460648.75774349674,1138490.3914031435,2,40.46136543811896
2024-12-23,677841.6336596467,468414.51840471145,1146256.1520643581,2,40.86473320654524
2024-12-24,677841.6336596467,470591.39116706,1148433.0248267069,2,40.97682502974608
2024-12-25,677841.6336596467,469787.28938059555,1147628.9230402424,2,40.935469640836345
2024-12-26,677841.6336596467,474493.83229673334,1152335.4659563801,2,41.176709935151344
2024-12-27,677841.6336596467,478102.1584321639,1155943.7920918106,2,41.360329256752536
2024-12-30,677841.6336596467,478063.036834032,1155904.6704936787,2,41.35834459686495
2024-12-31,677841.6336596467,475023.37988802104,1152865.0135476678,2,41.2037293443618
2025-01-02,677841.6336596467,461412.17719381105,1139253.8108534578,2,40.50126256309381
2025-01-03,904166.5681503441,235016.57817652612,1139183.1463268702,1,20.630271693739747
2025-01-06,673936.247716395,475249.6862907719,1149185.934007167,2,41.35533443518531
2025-01-07,441017.59153568145,721587.0686420752,1162604.6601777566,3,62.066418048913384
2025-01-08,441017.59153568145,710023.1304144814,1151040.721950163,3,61.685318066898375
2025-01-09,441017.59153568145,694932.2851401505,1135949.8766758319,3,61.17631591050075
2025-01-10,666336.3772274348,476182.175440977,1142518.5526684118,2,41.67828822812799
2025-01-13,1119616.4556141081,0.0,1119616.4556141081,0,0.0
2025-01-14,1119616.4556141081,0.0,1119616.4556141081,0,0.0
2025-01-15,1119616.4556141081,0.0,1119616.4556141081,0,0.0
2025-01-16,1119616.4556141081,0.0,1119616.4556141081,0,0.0
2025-01-17,1119616.4556141081,0.0,1119616.4556141081,0,0.0
2025-01-20,1119616.4556141081,0.0,1119616.4556141081,0,0.0
2025-01-21,1119616.4556141081,0.0,1119616.4556141081,0,0.0
2025-01-22,1119616.4556141081,0.0,1119616.4556141081,0,0.0
2025-02-03,895374.0738014365,223923.29112282163,1119297.364924258,1,20.005701624963116
2025-02-04,895374.0738014365,223031.16645699364,1118405.2402584301,1,19.941892118232367
2025-02-05,895374.0738014365,224815.4157886496,1120189.489590086,1,20.069409495255748
2025-02-06,895374.0738014365,224815.4157886496,1120189.489590086,1,20.069409495255748
2025-02-07,895374.0738014365,224815.4157886496,1120189.489590086,1,20.069409495255748
2025-02-10,671195.6010675814,447782.7641076733,1118978.3651752546,2,40.01710650031571
2025-02-11,671195.6010675814,447225.2062671132,1118420.8073346945,2,39.987203683459214
2025-02-12,671195.6010675814,449232.44661406125,1120428.0476816427,2,40.09471625987943
2025-02-13,671195.6010675814,449734.21654963336,1120929.8176172148,2,40.12153209606319
2025-02-14,671195.6010675814,446667.64842655323,1117863.2494941347,2,39.95727103728325
2025-02-17,671195.6010675814,451462.6779763014,1122658.2790438829,2,40.21372187811163
2025-02-18,671195.6010675814,450682.1291204493,1121877.7301880307,2,40.172125445873085
2025-02-19,446891.1665292097,672715.9322277033,1119607.098756913,3,60.08500061982566
2025-02-20,446891.1665292097,673731.3216151684,1120622.4881443782,3,60.12116736393447
2025-02-21,446891.1665292097,677075.803701002,1123966.9702302117,3,60.23983103011674
2025-02-24,446891.1665292097,676835.5511923217,1123726.7177215314,3,60.23133031531667
2025-02-25,446891.1665292097,676938.4159532738,1123829.5824824835,3,60.234970364274496
2025-02-26,446891.1665292097,682249.3384646853,1129140.504993895,3,60.42200553848469
2025-02-27,446891.1665292097,678975.6322674572,1125866.7987966668,3,60.30692378469198
2025-03-03,667899.5872265063,458153.53266768134,1126053.1198941877,2,40.68667139883533
2025-03-04,667899.5872265063,455198.3797499174,1123097.9669764237,2,40.53060312943057
2025-03-05,667899.5872265063,452745.15737238526,1120644.7445988916,2,40.40041766621007
2025-03-06,667899.5872265063,455588.7344801733,1123488.3217066796,2,40.5512657032423
2025-03-07,1117586.707026796,0.0,1117586.707026796,0,0.0
2025-03-10,1117586.707026796,0.0,1117586.707026796,0,0.0
2025-03-11,1117586.707026796,0.0,1117586.707026796,0,0.0
2025-03-12,1117586.707026796,0.0,1117586.707026796,0,0.0
2025-03-13,1117586.707026796,0.0,1117586.707026796,0,0.0
2025-03-14,1117586.707026796,0.0,1117586.707026796,0,0.0
2025-03-17,1117586.707026796,0.0,1117586.707026796,0,0.0
2025-03-18,1117586.707026796,0.0,1117586.707026796,0,0.0
2025-03-19,1117586.707026796,0.0,1117586.707026796,0,0.0
2025-03-20,1117586.707026796,0.0,1117586.707026796,0,0.0
2025-03-21,1117586.707026796,0.0,1117586.707026796,0,0.0
2025-03-24,1117586.707026796,0.0,1117586.707026796,0,0.0
2025-03-25,1117586.707026796,0.0,1117586.707026796,0,0.0
2025-03-26,1117586.707026796,0.0,1117586.707026796,0,0.0
2025-03-27,1117586.707026796,0.0,1117586.707026796,0,0.0
2025-03-28,1117586.707026796,0.0,1117586.707026796,0,0.0
2025-03-31,1117586.707026796,0.0,1117586.707026796,0,0.0
2025-04-01,1117586.707026796,0.0,1117586.707026796,0,0.0
2025-04-02,1117586.707026796,0.0,1117586.707026796,0,0.0
2025-04-07,1117586.707026796,0.0,1117586.707026796,0,0.0
2025-04-08,1117586.707026796,0.0,1117586.707026796,0,0.0
2025-04-09,1117586.707026796,0.0,1117586.707026796,0,0.0
2025-04-10,1117586.707026796,0.0,1117586.707026796,0,0.0
2025-04-11,1117586.707026796,0.0,1117586.707026796,0,0.0
2025-04-14,1117586.707026796,0.0,1117586.707026796,0,0.0
2025-04-15,1117586.707026796,0.0,1117586.707026796,0,0.0
2025-04-16,1117586.707026796,0.0,1117586.707026796,0,0.0
2025-04-17,1117586.707026796,0.0,1117586.707026796,0,0.0
2025-04-18,1117586.707026796,0.0,1117586.707026796,0,0.0
2025-04-21,1117586.707026796,0.0,1117586.707026796,0,0.0
2025-04-22,1117586.707026796,0.0,1117586.707026796,0,0.0
2025-04-23,1117586.707026796,0.0,1117586.707026796,0,0.0
2025-04-24,1117586.707026796,0.0,1117586.707026796,0,0.0
2025-04-25,1117586.707026796,0.0,1117586.707026796,0,0.0
2025-04-28,1117586.707026796,0.0,1117586.707026796,0,0.0
2025-04-29,1117586.707026796,0.0,1117586.707026796,0,0.0
2025-04-30,1117586.707026796,0.0,1117586.707026796,0,0.0
2025-05-02,1117586.707026796,0.0,1117586.707026796,0,0.0
2025-05-05,1117586.707026796,0.0,1117586.707026796,0,0.0
2025-05-06,1117586.707026796,0.0,1117586.707026796,0,0.0
2025-05-07,1117586.707026796,0.0,1117586.707026796,0,0.0
2025-05-08,1117586.707026796,0.0,1117586.707026796,0,0.0
2025-05-09,1117586.707026796,0.0,1117586.707026796,0,0.0
2025-05-12,1117586.707026796,0.0,1117586.707026796,0,0.0
2025-05-13,1117586.707026796,0.0,1117586.707026796,0,0.0
2025-05-14,1117586.707026796,0.0,1117586.707026796,0,0.0
2025-05-15,1117586.707026796,0.0,1117586.707026796,0,0.0
2025-05-16,1117586.707026796,0.0,1117586.707026796,0,0.0
2025-05-19,1117586.707026796,0.0,1117586.707026796,0,0.0
2025-05-20,1117586.707026796,0.0,1117586.707026796,0,0.0
2025-05-21,1117586.707026796,0.0,1117586.707026796,0,0.0
2025-05-22,1117586.707026796,0.0,1117586.707026796,0,0.0
2025-05-23,1117586.707026796,0.0,1117586.707026796,0,0.0
2025-05-26,1117586.707026796,0.0,1117586.707026796,0,0.0
2025-05-27,1117586.707026796,0.0,1117586.707026796,0,0.0
2025-05-28,1117586.707026796,0.0,1117586.707026796,0,0.0
2025-05-29,1117586.707026796,0.0,1117586.707026796,0,0.0
2025-06-02,1117586.707026796,0.0,1117586.707026796,0,0.0
2025-06-03,1117586.707026796,0.0,1117586.707026796,0,0.0
2025-06-04,1117586.707026796,0.0,1117586.707026796,0,0.0
2025-06-05,1117586.707026796,0.0,1117586.707026796,0,0.0
2025-06-06,1117586.707026796,0.0,1117586.707026796,0,0.0
2025-06-09,1117586.707026796,0.0,1117586.707026796,0,0.0
2025-06-10,1117586.707026796,0.0,1117586.707026796,0,0.0
2025-06-11,1117586.707026796,0.0,1117586.707026796,0,0.0
2025-06-12,1117586.707026796,0.0,1117586.707026796,0,0.0
2025-06-13,1117586.707026796,0.0,1117586.707026796,0,0.0
2025-06-16,1117586.707026796,0.0,1117586.707026796,0,0.0
2025-06-17,1117586.707026796,0.0,1117586.707026796,0,0.0
2025-06-18,1117586.707026796,0.0,1117586.707026796,0,0.0
2025-06-19,1117586.707026796,0.0,1117586.707026796,0,0.0
2025-06-20,1117586.707026796,0.0,1117586.707026796,0,0.0
2025-06-23,1117586.707026796,0.0,1117586.707026796,0,0.0
2025-06-24,1117586.707026796,0.0,1117586.707026796,0,0.0
2025-06-25,1117586.707026796,0.0,1117586.707026796,0,0.0
2025-06-26,1117586.707026796,0.0,1117586.707026796,0,0.0
2025-06-27,1117586.707026796,0.0,1117586.707026796,0,0.0
2025-06-30,1117586.707026796,0.0,1117586.707026796,0,0.0
2025-07-01,1117586.707026796,0.0,1117586.707026796,0,0.0
2025-07-02,1117586.707026796,0.0,1117586.707026796,0,0.0
2025-07-03,1117586.707026796,0.0,1117586.707026796,0,0.0
2025-07-04,1117586.707026796,0.0,1117586.707026796,0,0.0
2025-07-07,1117586.707026796,0.0,1117586.707026796,0,0.0
2025-07-08,1117586.707026796,0.0,1117586.707026796,0,0.0
2025-07-09,1117586.707026796,0.0,1117586.707026796,0,0.0
2025-07-10,1117586.707026796,0.0,1117586.707026796,0,0.0
2025-07-11,1117586.707026796,0.0,1117586.707026796,0,0.0
2025-07-14,1117586.707026796,0.0,1117586.707026796,0,0.0
2025-07-15,1117586.707026796,0.0,1117586.707026796,0,0.0
2025-07-16,1117586.707026796,0.0,1117586.707026796,0,0.0
2025-07-17,1117586.707026796,0.0,1117586.707026796,0,0.0
2025-07-18,1117586.707026796,0.0,1117586.707026796,0,0.0
2025-07-21,1117586.707026796,0.0,1117586.707026796,0,0.0
2025-07-22,1117586.707026796,0.0,1117586.707026796,0,0.0
2025-07-23,1117586.707026796,0.0,1117586.707026796,0,0.0
2025-07-24,1117586.707026796,0.0,1117586.707026796,0,0.0
2025-07-25,1117586.707026796,0.0,1117586.707026796,0,0.0
2025-07-28,1117586.707026796,0.0,1117586.707026796,0,0.0
2025-07-29,1117586.707026796,0.0,1117586.707026796,0,0.0
2025-07-30,1117586.707026796,0.0,1117586.707026796,0,0.0
2025-07-31,1117586.707026796,0.0,1117586.707026796,0,0.0
2025-08-01,1117586.707026796,0.0,1117586.707026796,0,0.0
2025-08-04,1117586.707026796,0.0,1117586.707026796,0,0.0
2025-08-05,1117586.707026796,0.0,1117586.707026796,0,0.0
2025-08-06,893750.8534099341,223517.3414053592,1117268.1948152934,1,20.005701624963116
2025-08-07,446206.7326127719,670424.6193314766,1116631.3519442487,3,60.03992438186078
2025-08-08,446206.7326127719,672008.1668752851,1118214.899488057,3,60.09651339674914
2025-08-11,446206.7326127719,675502.5928881023,1121709.3255008743,3,60.220823481740396
2025-08-12,446206.7326127719,676559.0704155208,1122765.8030282927,3,60.25825408920761
2025-08-13,446206.7326127719,681420.1013184146,1127626.8339311865,3,60.42957482155824
2025-08-14,221478.83440294108,900241.96724891,1121720.801651851,4,80.25544020608423
2025-08-15,221478.83440294108,902379.6473533404,1123858.4817562816,4,80.29299613801636
2025-08-18,221478.83440294108,905350.3986447273,1126829.2330476684,4,80.34495131050866
2025-08-19,221478.83440294108,906863.365734813,1128342.2001377542,4,80.37130629556336
2025-08-20,654743.6193484651,449462.4365916713,1104206.0559401363,2,40.704579926342895
2025-08-21,654743.6193484651,456012.6937202625,1110756.3130687275,2,41.05425180617874
2025-08-22,654743.6193484651,451050.6418246057,1105794.2611730709,2,40.789743414485905
2025-08-25,654743.6193484651,452986.2280430565,1107729.8473915216,2,40.893204160720856
2025-08-26,878951.3552137256,220239.54481741655,1099190.9000311422,1,20.036514568231663
2025-08-27,1095449.5894480809,0.0,1095449.5894480809,0,0.0
2025-08-28,1095449.5894480809,0.0,1095449.5894480809,0,0.0
2025-08-29,1095449.5894480809,0.0,1095449.5894480809,0,0.0
2025-09-01,876047.468425472,219089.9178896162,1095137.3863150883,1,20.005701624963116
2025-09-02,876047.468425472,220494.34044019066,1096541.8088656627,1,20.108156265221204
2025-09-03,876047.468425472,220494.34044019066,1096541.8088656627,1,20.108156265221204
2025-09-04,876047.468425472,216281.07278846728,1092328.5412139394,1,19.800001980000197
2025-09-05,656707.8770073545,438117.3951526339,1094825.2721599885,2,40.017106500315705
2025-09-08,433223.73331888317,682288.9146952969,1115512.6480141801,3,61.16370943080726
2025-09-09,433223.73331888317,689755.1912088874,1122978.9245277706,3,61.421917735360864
2025-09-10,433223.73331888317,692095.3510990706,1125319.0844179539,3,61.50214287506209
2025-09-11,433223.73331888317,686427.7360695694,1119651.4693884526,3,61.30726880968525
2025-09-12,433223.73331888317,689216.6023029075,1122440.3356217907,3,61.40340652682503
2025-09-15,433223.73331888317,688766.4849355,1121990.2182543832,3,61.38792243724708
2025-09-16,206019.9653355145,928059.0466199158,1134079.0119554303,4,81.83372029958605
2025-09-17,206019.9653355145,920894.1447816782,1126914.1101171928,4,81.71821938460867
2025-09-18,206019.9653355145,923946.166061866,1129966.1313973805,4,81.76759819511241
2025-09-19,424838.03096173436,697090.4576678738,1121928.4886296082,3,62.13323440242993
2025-09-22,424838.03096173436,699764.3373651111,1124602.3683268456,3,62.223267269675276
2025-09-23,424838.03096173436,703716.593380114,1128554.6243418483,3,62.355563319809015
2025-09-24,424838.03096173436,699368.255146278,1124206.2861080123,3,62.209957708694354
2025-09-25,645775.936234449,474495.4495795852,1120271.3858140344,2,42.35540205597572
2025-09-26,877179.3570548913,230098.7144171317,1107278.071472023,1,20.78057177735281
2025-09-30,877179.3570548913,231926.39524925905,1109105.7523041503,1,20.911116434788614
2025-10-01,877179.3570548913,231989.418726229,1109168.7757811202,1,20.915610301313517
2025-10-02,877179.3570548913,233438.9586965368,1110618.315751428,1,21.018828465708804
2025-10-03,877179.3570548913,233438.9586965368,1110618.315751428,1,21.018828465708804
2025-10-07,877179.3570548913,236085.94472927295,1113265.3017841643,1,21.206620232473966
2025-10-08,877179.3570548913,235896.87429836323,1113076.2313532545,1,21.19323615522405
2025-10-09,654259.5067153897,458436.4923966503,1112695.99911204,2,41.200515932698096
2025-10-13,654259.5067153897,450453.62292803556,1104713.1296434253,2,40.775619555950335
2025-10-14,883841.9911059001,218636.44751600965,1102478.4386219098,1,19.83135813425101
2025-10-15,883841.9911059001,222106.86731785105,1105948.8584237513,1,20.08292387356933
2025-10-16,662237.7278493545,443891.5681114884,1106129.2959608429,2,40.13017011052949
2025-10-17,662237.7278493545,448347.90761004295,1110585.6354593975,2,40.3704039828124
2025-10-20,662237.7278493545,451978.58210382075,1114216.3099531753,2,40.56470705610252
2025-10-21,662237.7278493545,449919.11027362803,1112156.8381229825,2,40.45464586028791
2025-10-22,662237.7278493545,450086.8700563628,1112324.5979057173,2,40.463626436364486
2025-10-23,662237.7278493545,454297.19869891397,1116534.9265482684,2,40.68813145893779
2025-10-27,662237.7278493545,462304.08534527814,1124541.8131946325,2,41.11043981832482
2025-10-28,662237.7278493545,459907.21767691633,1122144.945526271,2,40.98465349868203
2025-10-29,662237.7278493545,482938.2053738966,1145175.933223251,2,42.171529401128986
2025-10-30,662237.7278493545,489047.751154704,1151285.4790040585,2,42.47840870691465
2025-10-31,662237.7278493545,512073.1100335856,1174310.8378829402,2,43.606266204334474
2025-11-03,426990.85782111995,747234.9936918566,1174225.8515129765,3,63.636394372432946
2025-11-04,426990.85782111995,739398.5133549743,1166389.3711760943,3,63.39208257782937
2025-11-05,426990.85782111995,728585.896327981,1155576.754149101,3,63.04954592691413
2025-11-06,426990.85782111995,723989.3189703966,1150980.1767915166,3,62.90197985760243
2025-11-07,910965.0288006262,224337.8514761777,1135302.8802768039,1,19.760176369981615
2025-11-10,910965.0288006262,224585.73860488064,1135550.7674055067,1,19.77769246882828
2025-11-11,910965.0288006262,225577.28711969248,1136542.3159203187,1,19.847680456757175
2025-11-12,910965.0288006262,227312.4970206132,1138277.5258212395,1,19.9698660356676
2025-11-13,910965.0288006262,233013.90098078124,1143978.9297814074,1,20.368723139446786
2025-11-14,910965.0288006262,231278.69107986052,1142243.7198804866,1,20.247753351978094
2025-11-17,910965.0288006262,227560.38414931615,1138525.4129499423,1,19.9872907148996
2025-11-18,1131842.2830024373,0.0,1131842.2830024373,0,0.0
2025-11-19,1131842.2830024373,0.0,1131842.2830024373,0,0.0
2025-11-20,1131842.2830024373,0.0,1131842.2830024373,0,0.0
2025-11-21,1131842.2830024373,0.0,1131842.2830024373,0,0.0
2025-11-24,905151.2513512941,226368.45660048747,1131519.7079517816,1,20.005701624963116
2025-11-25,905151.2513512941,222261.99933789356,1127413.2506891876,1,19.714332717131438
2025-11-26,905151.2513512941,222775.3064957178,1127926.5578470118,1,19.750869854589798
2025-11-27,905151.2513512941,225855.1494426632,1131006.4007939573,1,19.969396219518718
2025-11-28,905151.2513512941,223031.96007462995,1128183.211425924,1,19.769125955414392
2025-12-01,905151.2513512941,222775.3064957178,1127926.5578470118,1,19.750869854589798
2025-12-02,905151.2513512941,226368.45660048747,1131519.7079517816,1,20.005701624963116
2025-12-03,905151.2513512941,224315.2279691905,1129466.4793204847,1,19.86028200714236
2025-12-04,905151.2513512941,227651.72449504805,1132802.9758463423,1,20.09632119168511
2025-12-05,678062.1918856998,455444.2568430946,1133506.4487287942,2,40.180120488407155
2025-12-08,678062.1918856998,457299.19277791993,1135361.3846636196,2,40.27785328575419
2025-12-09,678062.1918856998,460743.62336033594,1138805.8152460358,2,40.45848881275633
2025-12-10,678062.1918856998,458814.32766433374,1136876.5195500334,2,40.35744601761401
2025-12-11,678062.1918856998,456851.45767295,1134913.6495586499,2,40.25429228475773
2025-12-12,449125.9811429357,693600.4533014931,1142726.434444429,3,60.69698156923341
2025-12-15,449125.9811429357,695321.8222346948,1144447.8033776307,3,60.75609741069695
2025-12-16,449125.9811429357,696325.8950245026,1145451.8761674385,3,60.790497576758604
2025-12-17,449125.9811429357,718558.4612445808,1167684.4423875166,3,61.53704161505943
2025-12-18,449125.9811429357,720676.4008688718,1169802.3820118075,3,61.60667920930919
2025-12-19,449125.9811429357,724992.3214658753,1174118.3026088108,3,61.74780853470998
2025-12-22,449125.9811429357,732970.4007465283,1182096.3818894639,3,62.00597616033202
2025-12-23,449125.9811429357,727951.2829304505,1177077.2640733863,3,61.84396769429619
2025-12-24,449125.9811429357,726237.6628110146,1175363.6439539501,3,61.7883381493692
2025-12-26,449125.9811429357,724850.9509823321,1173976.9321252678,3,61.743202199903855
2025-12-29,449125.9811429357,726645.2809734986,1175771.2621164343,3,61.801585426191544
2025-12-30,449125.9811429357,724817.3766869506,1173943.3578298863,3,61.742108071280754
2025-12-31,449125.9811429357,722812.5297649639,1171938.5109078996,3,61.67665991324082
2026-01-02,673965.0960663836,497503.385736539,1171468.4818029227,2,42.46835433172452
2026-01-05,673965.0960663836,493094.9993068011,1167060.095373185,2,42.251037565390035
2026-01-06,673965.0960663836,494000.9246766301,1167966.0207430138,2,42.295830178549735
2026-01-07,673965.0960663836,495556.2597057729,1169521.3557721565,2,42.372570390438945
2026-01-08,673965.0960663836,495661.948701113,1169627.0447674966,2,42.37777767866532
2026-01-09,673965.0960663836,497564.21274883795,1171529.3088152215,2,42.47134143421724
2026-01-12,673965.0960663836,501112.22513377253,1175077.3212001561,2,42.645042678720536
2026-01-13,673965.0960663836,499738.40606274817,1173703.502129132,2,42.57790874409153
2026-01-14,673965.0960663836,498787.3429730841,1172752.4390394678,2,42.53134134443679
2026-01-15,673965.0960663836,505490.6116625517,1179455.7077289354,2,42.85795628865823
2026-01-16,437232.8114315868,744407.4308914823,1181640.2423230691,3,62.99780628899365
2026-01-19,437232.8114315868,750226.29353553,1187459.1049671168,3,63.17912679243849
2026-01-20,437232.8114315868,752674.9287918329,1189907.7402234196,3,63.254898119286885
2026-01-21,437232.8114315868,749347.1885793189,1186580.0000109058,3,63.151847205618814
2026-01-22,437232.8114315868,774439.2228108601,1211672.034242447,3,63.914920946000834
2026-01-23,194505.3980989053,1017059.3023024311,1211564.7004013364,4,83.9459338791833
2026-01-26,194505.3980989053,1036359.5166137686,1230864.914712674,4,84.19766492862382
2026-01-27,194505.3980989053,1043766.7275350348,1238272.12563394,4,84.29219280056658
2026-01-28,194505.3980989053,1053290.0931709134,1247795.4912698187,4,84.41207718253838
2026-01-29,194505.3980989053,1048866.9599966388,1243372.3580955442,4,84.35662520302233
2026-01-30,441144.1757786372,779344.1447232892,1220488.3205019264,3,63.85510878160502
2026-02-02,686953.5192628063,514807.90917266835,1201761.4284354746,2,42.83777936215479
2026-02-03,686953.5192628063,529217.5797496729,1216171.0990124792,2,43.51505969673126
2026-02-04,686953.5192628063,530474.390033128,1217427.9092959343,2,43.57337185902968
2026-02-05,686953.5192628063,528579.9070684639,1215533.42633127,2,43.485427518338746
2026-02-06,686953.5192628063,519144.5624030689,1206098.0816658752,2,43.043312172922214
2026-02-09,441405.0335155296,784240.9431119699,1225645.9766274993,3,63.98592726342526
2026-02-10,441405.0335155296,797678.8836455485,1239083.9171610782,3,64.37650207527082
2026-02-11,441405.0335155296,809605.7905457353,1251010.8240612647,3,64.71612994661724
2026-02-23,191711.55367133635,1054624.0041709268,1246335.557842263,4,84.61798249556165
2026-02-24,191711.55367133635,1083865.129333283,1275576.6830046193,4,84.97059751674357
2026-02-25,191711.55367133635,1095564.0427478265,1287275.5964191628,4,85.10718651043928
2026-02-26,191711.55367133635,1114217.296153043,1305928.8498243792,4,85.31990822492989
2026-03-02,191711.55367133635,1091386.7627948676,1283098.316466204,4,85.05870117581237
2026-03-03,191711.55367133635,1068959.001189685,1260670.5548610212,4,84.7928903445777
2026-03-04,948905.268376402,250261.64766236398,1199166.916038766,1,20.869625763947745
2026-03-05,948905.268376402,253032.0718062278,1201937.3401826299,1,21.052018549301458
2026-03-06,948905.268376402,252108.59709160653,1201013.8654680084,1,20.991314450259523
2026-03-09,1198978.8965868691,0.0,1198978.8965868691,0,0.0
2026-03-10,1198978.8965868691,0.0,1198978.8965868691,0,0.0
2026-03-11,1198978.8965868691,0.0,1198978.8965868691,0,0.0
2026-03-12,1198978.8965868691,0.0,1198978.8965868691,0,0.0
2026-03-13,1198978.8965868691,0.0,1198978.8965868691,0,0.0
2026-03-16,1198978.8965868691,0.0,1198978.8965868691,0,0.0
2026-03-17,1198978.8965868691,0.0,1198978.8965868691,0,0.0
2026-03-18,1198978.8965868691,0.0,1198978.8965868691,0,0.0
2026-03-19,1198978.8965868691,0.0,1198978.8965868691,0,0.0
2026-03-20,1198978.8965868691,0.0,1198978.8965868691,0,0.0
2026-03-23,1198978.8965868691,0.0,1198978.8965868691,0,0.0
2026-03-24,1198978.8965868691,0.0,1198978.8965868691,0,0.0
2026-03-25,1198978.8965868691,0.0,1198978.8965868691,0,0.0
2026-03-26,1198978.8965868691,0.0,1198978.8965868691,0,0.0
2026-03-27,1198978.8965868691,0.0,1198978.8965868691,0,0.0
2026-03-30,1198978.8965868691,0.0,1198978.8965868691,0,0.0
2026-03-31,1198978.8965868691,0.0,1198978.8965868691,0,0.0
2026-04-01,1198978.8965868691,0.0,1198978.8965868691,0,0.0
2026-04-02,1198978.8965868691,0.0,1198978.8965868691,0,0.0
2026-04-07,1198978.8965868691,0.0,1198978.8965868691,0,0.0
2026-04-08,1198978.8965868691,0.0,1198978.8965868691,0,0.0
2026-04-09,1198978.8965868691,0.0,1198978.8965868691,0,0.0
2026-04-10,1198978.8965868691,0.0,1198978.8965868691,0,0.0
2026-04-13,1198978.8965868691,0.0,1198978.8965868691,0,0.0
2026-04-14,1198978.8965868691,0.0,1198978.8965868691,0,0.0
2026-04-15,1198978.8965868691,0.0,1198978.8965868691,0,0.0
2026-04-16,1198978.8965868691,0.0,1198978.8965868691,0,0.0
2026-04-17,1198978.8965868691,0.0,1198978.8965868691,0,0.0
2026-04-20,1198978.8965868691,0.0,1198978.8965868691,0,0.0
2026-04-21,1198978.8965868691,0.0,1198978.8965868691,0,0.0
2026-04-22,958841.408283968,239795.77931737385,1198637.1876013419,1,20.005701624963116
2026-04-23,958841.408283968,234887.67857111178,1193729.0868550797,1,19.676799464603096
2026-04-24,958841.408283968,235388.50517787324,1194229.9134618412,1,19.710484767169127
2026-04-27,958841.408283968,233685.69471488436,1192527.1029988523,1,19.595839300191507
2026-04-28,958841.408283968,235388.50517787324,1194229.9134618412,1,19.710484767169127
2026-04-29,719354.1458954575,476037.4636545826,1195391.6095500402,2,39.82272084323637
2026-04-30,719354.1458954575,471777.85716451914,1191132.0030599767,2,39.60752090889492
2026-05-04,719354.1458954575,471840.40606210893,1191194.5519575663,2,39.61069208104615
2026-05-05,719354.1458954575,477286.9498388949,1196641.0957343522,2,39.88555562233925
2026-05-06,719354.1458954575,488962.5517514039,1208316.6976468614,2,40.466423471895645
2026-05-07,719354.1458954575,495083.92128102214,1214438.0671764796,2,40.76650219241502
2026-05-08,719354.1458954575,498527.15863076237,1217881.3045262198,2,40.93396924462186
2026-05-11,719354.1458954575,496463.6659256966,1215817.811821154,2,40.83372205100792
2026-05-12,719354.1458954575,490178.18315432983,1209532.3290497873,2,40.526257246833204
2026-05-13,719354.1458954575,491113.52582788665,1210467.6717233441,2,40.572213310636194
2026-05-14,719354.1458954575,492693.60111526574,1212047.7470107232,2,40.649685817278844
2026-05-15,719354.1458954575,495042.54321488336,1214396.6891103408,2,40.76448393296826
