stock_id,sector,is_etf,entry_date,exit_date,holding_days,entry_price,exit_price,shares,notional_at_entry,exit_proceeds,net_pnl_ntd,gross_return_pct,regime_at_entry,regime_at_exit,exit_reason,score
2891,financial,false,2022-04-06,2022-04-07,1,24.824469567324478,24.98914266561519,8056.566907002619,200000.0,200435.82918739636,435.8291873963608,0.6633499170812795,bull,bear,regime_exit,0.7
3711,electronics,false,2023-01-30,2023-01-31,1,91.0035594184151,86.67005658896676,2232.8827395009,203200.2770585236,192667.72936432346,-10532.547694200155,-4.761904761904756,bull,bull,trailing_stop,0.7
2881,financial,false,2023-01-17,2023-02-09,23,47.79717344807485,47.237674762227826,4184.978972758398,200030.1658374793,196813.90321238502,-3216.2626250942703,-1.1705685618728978,bull,bull,trailing_stop,0.7
00878,etf,true,2023-02-16,2023-03-10,22,13.431739358864917,13.447513568329232,14943.830909898355,200721.64180470386,200068.13256618864,-653.5092385152238,0.11743981209628718,bull,bull,trailing_stop,0.5
2303,semi,false,2023-01-17,2023-04-11,84,38.10287022085,42.78798919251055,5249.7401029915645,200030.1658374793,223631.85352444527,23601.687686965975,12.295973884657219,bull,bull,trailing_stop,0.7
0050,etf,true,2023-03-23,2023-04-13,21,28.436936494507616,27.88850152723562,7149.848614851147,203319.79100586532,198516.22536901428,-4803.565636851039,-1.928600738613051,bull,bull,trailing_stop,0.6
2308,electronics,false,2023-04-14,2023-04-25,11,294.8176368743342,278.41283990994356,680.4960767649576,200622.2452541003,188620.48988934408,-12001.755364756216,-5.564387917329105,bull,bull,trailing_stop,0.7999999999999999
2412,telecom,false,2023-05-25,2023-06-05,11,113.97097928641578,111.29978445939041,1755.5305978970807,200079.5414095973,194525.57562388657,-5553.965785710723,-2.34375,bull,bull,trailing_stop,0.7
2891,financial,false,2023-05-16,2023-06-16,31,20.48205109195916,21.351777252976536,9687.478773436884,198419.43518980412,205929.60027992105,7510.165090116934,4.24628450106157,bull,bull,trailing_stop,0.5
2308,electronics,false,2023-06-07,2023-06-26,19,307.94147444584667,326.2211053490248,659.8234788993603,203187.01496625703,214295.87069683685,11108.855730579817,5.936073059360747,bull,bull,trailing_stop,0.6
2330,semi,false,2023-05-25,2023-06-27,33,515.6097302073102,545.6903701833485,388.044541613192,200079.5414095973,210815.16621022517,10735.624800627877,5.83399385499257,bull,bull,trailing_stop,0.7
00878,etf,true,2023-05-15,2023-07-07,53,14.062707737437547,15.462321260068395,14091.50503168748,198164.71684125165,216923.22619088972,18758.509349638072,9.952660246965216,bull,bull,trailing_stop,0.5
0056,etf,true,2023-07-12,2023-08-02,21,25.025877378957535,25.89973518853713,8247.126421655219,206391.57455710435,212653.21750979434,6261.642952689988,3.491816875576781,bull,bull,trailing_stop,0.6
2891,financial,false,2023-07-14,2023-08-04,21,22.091044489841302,22.254818700114022,9407.659756771158,207825.03023212124,208439.318781215,614.2885490937624,0.7413601939375569,bull,bull,trailing_stop,0.6
2454,semi,false,2023-08-01,2023-08-11,10,640.3651519972489,609.8288053381935,328.89995558002107,210616.07004688858,199685.13293573103,-10930.937111157546,-4.768583450210373,bull,bull,trailing_stop,0.7
00919,etf,true,2023-09-05,2023-09-21,16,15.564864841749209,15.491610566620416,13196.548650519331,205402.4961229013,203531.1641354166,-1871.3319874847075,-0.4706386844574806,bull,bull,trailing_stop,0.6
2454,semi,false,2023-09-12,2023-09-21,9,653.8370696409497,670.0033708133908,313.733668234613,205130.70228622528,209272.46868233805,4141.766396112769,2.472527472527486,bull,bull,trailing_stop,0.7
0056,etf,true,2023-10-02,2023-10-18,16,26.822849482420082,26.192429964646358,7670.31038883187,205739.5810430803,200015.06716715352,-5724.513875926787,-2.350307778399552,bull,bull,trailing_stop,0.6
2454,semi,false,2023-10-11,2023-10-26,15,731.0760641315015,733.7704476602418,281.4030001313594,205726.99777083067,205571.50834551916,-155.48942531150533,0.3685503685503688,bull,bear,regime_exit,0.6
3711,electronics,false,2023-10-20,2023-10-26,6,110.65296472819601,104.58339282327387,1854.3115517196923,205185.0707275255,193072.0523243063,-12113.018403219205,-5.485232067510548,bull,bear,regime_exit,0.6
2454,semi,false,2023-10-30,2023-10-31,1,769.6955613767774,756.2236437330765,262.39625264410813,201965.2309820695,197552.19641895915,-4413.0345631103555,-1.7502917152858788,bull,bear,regime_exit,0.7
2330,semi,false,2023-11-13,2023-11-27,14,547.7739294190745,544.8959578109183,366.98545363743165,201025.06397861755,199084.02792303136,-1941.0360555861844,-0.5253940455341555,bull,bull,trailing_stop,0.5
0050,etf,true,2023-11-13,2023-12-07,24,30.474210011950227,30.78203031510124,6596.563582773339,201025.06397861755,202157.09906112342,1132.0350825058704,1.0101010101010166,bull,bull,trailing_stop,0.6
00919,etf,true,2023-12-11,2023-12-25,14,16.711659624370785,16.9926430756381,12287.74720521561,205348.64884387667,207877.35669850456,2528.7078546278935,1.6813617413410809,bull,bull,trailing_stop,0.7
3711,electronics,false,2023-11-13,2024-01-03,51,114.38808590045579,118.12320707271557,1757.3951202711448,201025.06397861755,206670.5657217942,5645.501743176661,3.2653061224489743,bull,bull,trailing_stop,0.7
2330,semi,false,2023-12-15,2024-01-03,19,564.1375879646366,557.3872236642051,368.11341195572413,207666.61231813484,204273.7836049341,-3392.8287132007245,-1.1965811965811923,bull,bull,trailing_stop,0.5
0056,etf,true,2023-12-26,2024-01-03,8,28.75726732023487,28.508555819086894,7205.967753207895,207223.9409799917,204522.69850025876,-2701.2424797329295,-0.8648648648648671,bull,bull,trailing_stop,0.6
2891,financial,false,2023-11-14,2024-01-17,64,23.65705321170657,24.923587609274037,8511.014431628015,201345.52129462652,211186.36064427663,9840.839349650108,5.3537284894837445,bull,bull,trailing_stop,0.5
2412,telecom,false,2024-02-05,2024-02-29,24,112.54629630178172,111.61998933633497,1811.3143191187219,203856.7180551957,201284.24341872492,-2572.4746364707826,-0.8230452674897082,bull,bull,trailing_stop,0.6
2881,financial,false,2024-02-15,2024-04-03,48,56.105439321029756,58.94078311520124,3661.1531439165474,205410.60556100716,214836.35719929586,9425.751638288697,5.053598774885137,bull,bull,trailing_stop,0.6
006208,etf,true,2024-01-19,2024-04-16,88,73.90275979279438,87.06221895589842,2744.7071236276324,202841.4312590245,237902.89327247374,35061.46201344923,17.806451612903217,bull,bull,trailing_stop,0.7
2891,financial,false,2024-04-29,2024-05-29,30,30.98485936906119,32.61326073736221,6811.388928802909,211049.92806693848,221158.6265248316,10108.69845789313,5.25547445255472,bull,bull,trailing_stop,0.7999999999999999
0050,etf,true,2024-05-15,2024-05-30,15,40.38037056966307,40.6832536372423,5323.349620524299,214958.83034864647,215612.85532756668,654.0249789202062,0.7500750075007501,bull,bull,trailing_stop,0.6
2317,electronics,false,2024-05-06,2024-05-31,25,157.58916163141993,161.8229003021148,1353.327424658438,213269.73426473187,218030.29670916413,4760.56244443226,2.686567164179099,bull,bull,trailing_stop,0.6
2303,semi,false,2024-05-21,2024-06-05,15,47.94233180271473,47.586544553714994,4482.249212700727,214889.47897775515,212350.92258405202,-2538.5563937031257,-0.7421150278293154,bull,bull,trailing_stop,0.7
0050,etf,true,2024-06-06,2024-07-17,41,42.20978429784162,47.27200814368613,5055.781251728328,213403.43609252444,237939.37107806522,24535.934985540778,11.993010459670517,bull,bull,trailing_stop,0.7999999999999999
2317,electronics,false,2024-06-13,2024-07-17,34,180.63951661631418,204.57039274924472,1194.6926857961246,215808.70926725806,243317.2874705935,27508.578203335433,13.247863247863268,bull,bull,trailing_stop,0.6
2330,semi,false,2024-06-06,2024-07-18,42,866.1438559979246,977.448761332528,246.38336301150855,213403.43609252444,239761.45301356734,26358.0169210429,12.850625743498911,bull,bull,trailing_stop,0.6
2881,financial,false,2024-06-28,2024-07-22,24,68.13417056903002,72.99953479693151,3299.1214702386196,224782.9049811872,239768.64064438347,14985.735663196276,7.140857791718713,bull,bull,trailing_stop,0.6
2412,telecom,false,2024-09-20,2024-10-04,14,121.31598513011153,119.87174721189591,1910.992029862115,231833.880678514,228060.30128321974,-3773.5793952942477,-1.1904761904761973,bull,bull,trailing_stop,0.6
0056,etf,true,2024-10-17,2024-10-30,13,32.52552207163267,31.928253827924838,7121.333110074295,231625.07725117003,226365.61122139994,-5259.46602977009,-1.836306400839438,bull,bull,trailing_stop,0.6
2330,semi,false,2024-10-18,2024-10-30,12,1059.9731554906316,1006.2417973782032,218.94847446472144,232079.50536823078,219340.21213242912,-12739.293235801655,-5.069124423963145,bull,bull,trailing_stop,0.6
2881,financial,false,2024-09-20,2024-11-14,55,84.26379535889416,83.79978767519981,2751.2869517815234,231833.880678514,229537.04650675104,-2296.834171762952,-0.5506607929515406,bull,bull,trailing_stop,0.6
2317,electronics,false,2024-10-15,2024-11-15,31,199.74561933534744,199.74561933534744,1159.017816278071,231508.7315331652,230484.30539613098,-1024.4261370342283,0.0,bull,bull,trailing_stop,0.6
2891,financial,false,2024-11-20,2024-12-20,30,36.04554161915621,36.47183580387685,6283.298005923067,226484.87977806112,228149.3650755365,1664.4852974753885,1.182654402102501,bull,bull,trailing_stop,0.6
2308,electronics,false,2024-12-11,2025-01-03,23,407.2553058676654,406.7640449438202,558.8765192798769,227605.4278015825,226324.93449069728,-1280.4933108852128,-0.12062726176116367,bull,bull,trailing_stop,0.7
0050,etf,true,2025-01-06,2025-01-10,4,49.23254222692505,48.46537671609243,4669.7306024507225,229902.70907351933,225318.78569175332,-4583.923381766013,-1.5582488251298598,bull,bull,trailing_stop,0.7
2454,semi,false,2024-12-10,2025-01-13,34,1272.1339460699419,1337.2329922653332,178.96724990664615,227670.3138410272,238261.91607849963,10591.602237472427,5.1173106728662265,bull,bull,trailing_stop,0.7
3711,electronics,false,2025-01-07,2025-01-13,6,168.62542955326458,156.58075601374568,1379.3128356100633,232587.21939307835,215018.1623081737,-17569.057084904663,-7.14285714285714,bull,bull,trailing_stop,0.7
00878,etf,true,2025-02-19,2025-03-03,12,20.770028454805836,20.58507717738103,10784.061082852668,223985.25554921414,221008.4206972966,-2976.834851917549,-0.8904719501335645,bull,bull,trailing_stop,0.7
2412,telecom,false,2025-02-03,2025-03-07,32,120.83457249070632,123.24163568773234,1853.139267241121,223923.29112282163,227373.31563051156,3450.02450768993,1.9920318725099584,bull,bear,regime_exit,0.7
2891,financial,false,2025-02-10,2025-03-07,25,38.03491448118586,37.94018244013682,5885.631032392218,223859.47298485163,222313.8041697781,-1545.668815073528,-0.24906600249067212,bull,bear,regime_exit,0.5
2330,semi,false,2025-08-07,2025-08-20,13,1167.5612722536107,1123.0356305151256,191.38493565459873,223453.6389630587,213981.0273331225,-9472.611629936204,-3.813559322033888,bull,bull,trailing_stop,0.7
0050,etf,true,2025-08-07,2025-08-20,13,51.72000695894224,50.980445372303414,4320.448741247205,223453.6389630587,219283.7576124015,-4169.881350657204,-1.4299332697807365,bull,bull,trailing_stop,0.6
2412,telecom,false,2025-08-06,2025-08-26,20,132.5,133.5,1686.9233313612017,223517.3414053592,224207.73586526045,690.394459901232,0.7547169811320753,bull,bull,trailing_stop,0.6
2882,financial,false,2025-08-14,2025-08-27,13,64.6,62.6,3473.809855164299,224408.11664361367,216498.23423435533,-7909.882409258338,-3.0959752321981338,bull,bull,trailing_stop,0.6
2454,semi,false,2025-09-05,2025-09-19,14,1407.711475409836,1412.616393442623,155.59117126558252,219027.47726301767,218818.06562621982,-209.41163679785677,0.34843205574912606,bull,bull,trailing_stop,0.7
2891,financial,false,2025-09-16,2025-09-25,9,43.45,42.5,5221.64472550364,226880.46332313318,220937.90527271468,-5942.558050418505,-2.1864211737629535,bull,bull,trailing_stop,0.5
3711,electronics,false,2025-09-01,2025-09-26,25,156.0,165.5,1404.4225505744628,219089.9178896162,231403.42082044226,12313.502930826071,6.08974358974359,bull,bull,trailing_stop,0.7
0056,etf,true,2025-09-08,2025-10-14,36,33.012874483766105,34.112992865320585,6759.972751242326,223166.13195044195,229582.48439051048,6416.352440068527,3.332391979666771,bull,bull,trailing_stop,0.6
3711,electronics,false,2025-10-16,2025-11-07,22,191.5,228.5,1155.5557521474227,221288.92653623145,262876.0925002429,41587.16596401148,19.321148825065283,bull,bull,trailing_stop,0.7
2303,semi,false,2025-11-03,2025-11-07,4,47.6,45.0,4935.128576824969,234912.12025686854,221098.07847926335,-13814.04177760519,-5.462184873949583,bull,bull,trailing_stop,0.7
2881,financial,false,2025-10-09,2025-11-18,40,89.8,89.5,2478.8712870295876,222602.64157525694,220877.25420181113,-1725.3873734458175,-0.33407572383072903,bull,bull,trailing_stop,0.6
2303,semi,false,2025-12-05,2026-01-02,28,48.9,48.7,4637.339837063357,226765.91803239813,224839.11492344792,-1926.8031089502038,-0.4089979550102152,bull,bull,trailing_stop,0.6
00919,etf,true,2025-12-12,2026-01-30,49,20.924849749200327,22.675332496863238,10925.308597413887,228610.44086453214,246638.77767973184,18028.3368151997,8.365569017908037,bull,bull,trailing_stop,0.6
2308,electronics,false,2026-01-16,2026-02-02,17,1125.0,1175.0,210.1292632530172,236395.42115964435,245809.34348416905,9413.922324524698,4.444444444444451,bull,bull,trailing_stop,0.7
2891,financial,false,2025-11-24,2026-03-04,100,44.1,50.5,5133.071578242346,226368.45660048747,258073.0656936855,31704.60909319803,14.512471655328785,bull,bull,trailing_stop,0.6
2454,semi,false,2026-01-23,2026-03-04,40,1630.0,1720.0,148.7006251261777,242382.01895566966,254633.3147591903,12251.295803520654,5.521472392638027,bull,bull,trailing_stop,0.7
3711,electronics,false,2026-02-09,2026-03-04,23,327.0,327.5,749.8442723622712,245199.0770624627,244487.33425218984,-711.7428102728445,0.1529051987767538,bull,bull,trailing_stop,0.6
2412,telecom,false,2026-02-23,2026-03-09,14,135.0,136.0,1846.9494292425386,249338.1729477427,250073.62821046708,735.4552627243684,0.7407407407407307,bull,crisis,regime_exit,0.7
00919,etf,true,2026-04-22,2026-05-15,23,23.94,25.76,10016.532135228648,239795.77931737385,256884.10333845954,17088.32402108569,7.602339181286544,bull,bull,end_of_backtest,0.6
2882,financial,false,2026-04-29,2026-05-15,16,78.6,77.9,3042.5760643311087,239146.4786564251,235967.87662269795,-3178.602033727162,-0.8905852417302684,bull,bull,end_of_backtest,0.7
