feature,bucket,horizon_d,sample_count,is_underpowered,mean_return,median_return,winsorized_mean_return_5pct,std_return,hit_rate,p10_return,p90_return,mean_simple_net_return,mean_close_mae,mean_close_mfe,universe
above_ma20_streak,0,5,5641,false,0.002869865386652446,0.003629764065335772,0.0028124497464268117,0.06087752286980938,0.5279205814571885,-0.06126482213438733,0.0640394088669951,-0.002980134613347554,-0.025545670307560758,0.02258282825874358,all
above_ma20_streak,1-2,5,1351,false,0.002412887992388027,0.0,0.0010730201490159622,0.05473086989757762,0.48704663212435234,-0.0556464811783961,0.060869565217391175,-0.0034371120076119683,-0.0230191842954665,0.02229136233261235,all
above_ma20_streak,10+,5,2729,false,0.006573032757468571,0.0,0.0035143740283020307,0.0702374761936749,0.48515939904727007,-0.059763530691450614,0.08066009779226564,0.0007230327574685713,-0.023485394848545844,0.03148438754593226,all
above_ma20_streak,3-5,5,1086,false,0.0034065779734927353,0.0,0.0014491173070477258,0.06103924374193919,0.4880294659300184,-0.058134761816801106,0.06471878739529324,-0.0024434220265072666,-0.02260878745310758,0.02606111411908566,all
above_ma20_streak,6-10,5,1151,false,0.004757034091481433,0.0,0.0024014762383518617,0.06441758019505527,0.48653344917463076,-0.06178861788617884,0.076829268292683,-0.0010929659085185661,-0.02178761180869676,0.0284356722992916,all
above_ma20_streak,0,10,5637,false,0.010689107328579465,0.005597014925373012,0.0075813640508745825,0.08063605848508966,0.5382295547276921,-0.07322462483752804,0.09687705254515602,0.004839107328579467,-0.03638926661494975,0.041909756460298375,all
above_ma20_streak,1-2,10,1351,false,0.013439946684137125,0.004424778761061843,0.008775279141873963,0.08205001831714842,0.5314581791265729,-0.06818181818181823,0.0957446808510638,0.007589946684137128,-0.03423890233092102,0.045003222814630775,all
above_ma20_streak,10+,10,2727,false,0.01726153229760584,0.0034482758620690834,0.010843320658510232,0.0977261834144539,0.5185185185185185,-0.07319120135363792,0.1218326953107975,0.011411532297605838,-0.03615562141361558,0.055348676224683584,all
above_ma20_streak,3-5,10,1086,false,0.013859351317525947,0.0018587424812483988,0.0064986610806751855,0.0958511556956768,0.509208103130755,-0.06910539008292432,0.09805306186095208,0.008009351317525948,-0.03554778188236015,0.049124109082657,all
above_ma20_streak,6-10,10,1151,false,0.017741503357128638,0.006858710562414272,0.012965329325971138,0.0876387572967799,0.5447437011294527,-0.06892778993435444,0.1149228130360207,0.01189150335712864,-0.03259521337472975,0.05237918849846064,all
above_ma20_streak,0,20,5619,false,0.01563312682862729,0.006521739130434634,0.009599071934773808,0.11496238920132965,0.5308773803167823,-0.10245751216787682,0.1368784539090216,0.00978312682862729,-0.05479761991457656,0.06968979452591983,all
above_ma20_streak,1-2,20,1348,false,0.02344116471703808,0.0077873118866417235,0.015443560051244597,0.1264665945208206,0.5415430267062314,-0.09298873096341452,0.15160277473530492,0.017591164717038085,-0.05039003720387046,0.07803356624143579,all
above_ma20_streak,10+,20,2711,false,0.025919239868611128,0.0027855153203342198,0.013774150790977257,0.14816791800249735,0.5082995204721505,-0.11233701103309934,0.1830357142857142,0.020069239868611127,-0.055837919925435714,0.0904335200573827,all
above_ma20_streak,3-5,20,1085,false,0.02246664335908241,0.0022371364653241965,0.010718861119572088,0.14109402654025946,0.5050691244239631,-0.09956575758694076,0.14341846758349708,0.016616643359082413,-0.052075833547988754,0.08141325974021482,all
above_ma20_streak,6-10,20,1150,false,0.02631195933611471,0.008608764389111179,0.01806190111267896,0.12889032431739747,0.5382608695652173,-0.098433978280596,0.17835676129114938,0.02046195933611471,-0.04921580870627656,0.08382951199774252,all
above_ma20_streak,0,5,1,true,0.15254237288135597,0.15254237288135597,,,1.0,,,0.14669237288135598,0.008474576271186418,0.27966101694915246,top200
above_ma20_streak,10+,5,1,true,0.2972027972027973,0.2972027972027973,,,1.0,,,0.2913527972027973,0.09965034965034958,0.2972027972027973,top200
above_ma50_streak,0,5,5453,false,0.0035386940803064084,0.00366300366300365,0.0033586355574187045,0.058853847738690096,0.527599486521181,-0.05771648372267562,0.06414049911307892,-0.0023113059196935926,-0.024339480529807504,0.022749772361041268,all
above_ma50_streak,1-2,5,712,false,-0.001188193614635876,0.0,-0.0012419092493307824,0.053893571770289736,0.4845505617977528,-0.06014072614691811,0.05379962079032105,-0.007038193614635874,-0.024986120930133613,0.019052113478271564,all
above_ma50_streak,10+,5,4003,false,0.004787406598005864,0.0,0.002443911490821357,0.07028915071843758,0.4853859605296028,-0.06587602417327318,0.07945288511384935,-0.0010625934019941343,-0.025107135987327483,0.029540999100718064,all
above_ma50_streak,3-5,5,653,false,0.001311237467550653,-0.0015847860538826808,-0.0009244690035213855,0.05953616677252999,0.4670750382848392,-0.056377020886900754,0.049180327868852514,-0.004538762532449348,-0.021920279243080938,0.02485345991487098,all
above_ma50_streak,6-10,5,727,false,0.007695558195095902,0.0010593220338981357,0.003911206918540455,0.06321596108617607,0.5006877579092159,-0.05474873261953341,0.07615785554728215,0.0018455581950959019,-0.01832696703490756,0.030739104499168123,all
above_ma50_streak,0,10,5450,false,0.011760808944864802,0.0058365979674105395,0.008520144376260776,0.0780592044308954,0.5429357798165138,-0.07016408425767309,0.0962817084042466,0.005910808944864803,-0.03493552298070705,0.04203258842735376,all
above_ma50_streak,1-2,10,712,false,0.007901370287760627,0.0024257765121552533,0.003849845262204895,0.08011456726785028,0.5070224719101124,-0.07913578248907585,0.09261806873286949,0.002051370287760628,-0.036544608061127026,0.04052517816601546,all
above_ma50_streak,10+,10,4000,false,0.016989830060498926,0.00453257935865925,0.010999995321815895,0.09863004630715902,0.5235,-0.07619519094766615,0.12180924854622548,0.011139830060498923,-0.03779827330022263,0.05457202942457977,all
above_ma50_streak,3-5,10,653,false,0.014692042522337643,0.005025125628140614,0.007354885298077158,0.09171868309840744,0.5237366003062787,-0.05943752070749546,0.08921901028907402,0.008842042522337645,-0.033149532659229805,0.047189040852771064,all
above_ma50_streak,6-10,10,727,false,0.017593803449004394,0.00536193029490617,0.012339465394509695,0.08605321784106201,0.5433287482806052,-0.05568685405085046,0.10851584699453551,0.01174380344900439,-0.029148768263756567,0.05184431254615149,all
above_ma50_streak,0,20,5431,false,0.014425635915261806,0.005597014925373234,0.009198548101354197,0.10884386755226154,0.5275271589025962,-0.09906542056074763,0.1316725978647686,0.008575635915261804,-0.0528053715010787,0.06756434924891909,all
above_ma50_streak,1-2,20,711,false,0.017208238014091378,0.0,0.0066731748978694095,0.14338093561949564,0.4908579465541491,-0.10588235294117643,0.1572700296735905,0.011358238014091379,-0.055316476960314484,0.07239313408128328,all
above_ma50_streak,10+,20,3983,false,0.030204233752042384,0.006305170239596425,0.01871769278479694,0.1462504791584233,0.530002510670349,-0.107396679774202,0.18911459786036094,0.024354233752042386,-0.05629676472573352,0.09194726556675258,all
above_ma50_streak,3-5,20,653,false,0.021307127320155952,0.004474272930648837,0.009093744930231419,0.14881433520541942,0.5099540581929556,-0.09751682279984161,0.1280403951332684,0.015457127320155955,-0.05041956916193952,0.07872639822719184,all
above_ma50_streak,6-10,20,725,false,0.021925640546642627,0.007092198581560183,0.014758204670421673,0.11712406583286893,0.5351724137931034,-0.0927761561817035,0.14461088783339424,0.016075640546642633,-0.04687910522084147,0.08086888166329004,all
above_ma50_streak,0,5,1,true,0.15254237288135597,0.15254237288135597,,,1.0,,,0.14669237288135598,0.008474576271186418,0.27966101694915246,top200
above_ma50_streak,10+,5,1,true,0.2972027972027973,0.2972027972027973,,,1.0,,,0.2913527972027973,0.09965034965034958,0.2972027972027973,top200
ma20_reclaim_confirmed,0,5,6992,false,0.0027815678380753244,0.003036440357611525,0.002488541995860043,0.059735697987468965,0.5200228832951945,-0.05933838883393785,0.06343283582089554,-0.0030684321619246736,-0.0250575005989882,0.022526510972387278,all
ma20_reclaim_confirmed,1-2,5,717,false,0.002972377356027265,0.0,0.0007583745498525725,0.06088199079484291,0.4783821478382148,-0.05562435500515992,0.060941311522456604,-0.0028776226439727343,-0.02251274352479806,0.025332651327303907,all
ma20_reclaim_confirmed,10+,5,2333,false,0.006250794787864869,0.0,0.0031873878207718323,0.07230870854461963,0.4787826832404629,-0.06318517978501942,0.08105534105534111,0.0004007947878648701,-0.024038492278058973,0.031957533674602294,all
ma20_reclaim_confirmed,3-5,5,915,false,0.007783739420084792,0.0013140604467805073,0.005453308512260055,0.06328247533973594,0.5027322404371585,-0.05639678297959809,0.08223818932998031,0.00193373942008479,-0.020324159286782176,0.029924002198769454,all
ma20_reclaim_confirmed,6-10,5,1001,false,0.0032730029369651254,0.0,0.0010723062435294417,0.06130513955929365,0.4935064935064935,-0.061433447098976135,0.0745272525027807,-0.0025769970630348748,-0.022879402166002916,0.026824998287974716,all
ma20_reclaim_confirmed,0,10,6988,false,0.011220931021962179,0.005397803973669513,0.007826014844481144,0.0809127269765054,0.5369204350314826,-0.0714285714285714,0.09669025062957196,0.00537093102196218,-0.03597353362300315,0.042507820719700655,all
ma20_reclaim_confirmed,1-2,10,717,false,0.014909403279050366,0.0,0.005985582146723794,0.09928907282318385,0.497907949790795,-0.06607192046466595,0.09391205182008945,0.00905940327905037,-0.034715242730780874,0.04842053740109081,all
ma20_reclaim_confirmed,10+,10,2331,false,0.01757509906068325,0.004608294930875667,0.01134061243828336,0.09916518680402327,0.525954525954526,-0.07547169811320753,0.12293577981651382,0.011725099060683251,-0.03682011490633054,0.05580284236444203,all
ma20_reclaim_confirmed,3-5,10,915,false,0.017614286407435988,0.00858778625954204,0.01343182222699098,0.08700707508352579,0.5508196721311476,-0.06823414431634386,0.11500840099653208,0.011764286407435987,-0.03286605146436707,0.05422241714159569,all
ma20_reclaim_confirmed,6-10,10,1001,false,0.014754499846277391,0.0016528925619834212,0.008516013968821365,0.08914766112026597,0.5064935064935064,-0.06985294117647056,0.10849056603773577,0.008904499846277392,-0.03389351382513935,0.050115490447102194,all
ma20_reclaim_confirmed,0,20,6967,false,0.017143853837896378,0.00658616904500553,0.010682398540988724,0.11730744919297312,0.5329410076072916,-0.10072546370039333,0.14065915300546455,0.011293853837896377,-0.05394482509700346,0.07130417722615172,all
ma20_reclaim_confirmed,1-2,20,717,false,0.02527116719799406,0.0039447731755424265,0.012096852396098874,0.14599474542368981,0.5118549511854951,-0.09493984376962299,0.1329462292137105,0.019421167197994065,-0.0508911818928306,0.08152049756763631,all
ma20_reclaim_confirmed,10+,20,2315,false,0.025429003083477536,0.0027932960893854997,0.013563542330463394,0.1486967561610141,0.5084233261339093,-0.11317887777492805,0.18726792643591916,0.019579003083477535,-0.056913036377084225,0.09108904202319455,all
ma20_reclaim_confirmed,3-5,20,914,false,0.02333979703662506,0.005096716195829631,0.015136077026348742,0.13165485638088104,0.5306345733041575,-0.10991139240506324,0.17753664572625175,0.017489797036625062,-0.04973519946670385,0.08463814662690203,all
ma20_reclaim_confirmed,6-10,20,1000,false,0.026581977054253556,0.004316744313765608,0.01598673098107323,0.1339240194155009,0.516,-0.10122997484443265,0.17167175905718032,0.02073197705425356,-0.05077643138696524,0.08322200343442242,all
ma20_reclaim_confirmed,0,5,1,true,0.15254237288135597,0.15254237288135597,,,1.0,,,0.14669237288135598,0.008474576271186418,0.27966101694915246,top200
ma20_reclaim_confirmed,10+,5,1,true,0.2972027972027973,0.2972027972027973,,,1.0,,,0.2913527972027973,0.09965034965034958,0.2972027972027973,top200
ma50_reclaim_confirmed,0,5,7004,false,0.003060457723872553,0.0028923856848869223,0.002719384878526113,0.05814187221259773,0.519131924614506,-0.05737324595953909,0.06198433909268878,-0.0027895422761274437,-0.024303916984104976,0.022528713123429384,all
ma50_reclaim_confirmed,1-2,5,427,false,0.004098250079583193,-0.002293577981651418,0.0002303842858189827,0.0631108240884679,0.4496487119437939,-0.05522544199184014,0.06342815967718704,-0.0017517499204168072,-0.02000528210126427,0.027276687366969518,all
ma50_reclaim_confirmed,10+,5,3426,false,0.0047789113062827356,0.0,0.00251854128254583,0.0711300650553948,0.4900758902510216,-0.06726172861988117,0.08018342648232968,-0.0010710886937172648,-0.025744669413492495,0.029703012171467525,all
ma50_reclaim_confirmed,3-5,5,408,false,0.008657393714072448,0.003369448068523462,0.005407742492827646,0.06401671558935979,0.5343137254901961,-0.05407128692734023,0.08086891757696134,0.0028073937140724405,-0.017739032917663846,0.03329116765521508,all
ma50_reclaim_confirmed,6-10,5,693,false,0.00500902335470568,-0.002081165452653466,0.0019872703423299354,0.06432975616183799,0.468975468975469,-0.054051657244207796,0.07276268755752474,-0.0008409766452943197,-0.021239131660531957,0.02839035895616413,all
ma50_reclaim_confirmed,0,10,7001,false,0.011205866843765863,0.004854368932038833,0.007441196227846497,0.08052982502517225,0.5342093986573346,-0.07086614173228345,0.09479553903345717,0.005355866843765864,-0.03517258066686271,0.0423266440798625,all
ma50_reclaim_confirmed,1-2,10,427,false,0.010766095313617297,0.0016393442622950616,0.006316858428401812,0.0711894476039709,0.5105386416861827,-0.05917633357105114,0.09092442645074217,0.0049160953136173045,-0.03142539363239462,0.04422906922158285,all
ma50_reclaim_confirmed,10+,10,3423,false,0.017001850265902427,0.004750593824228044,0.011055161583962846,0.10024478625377577,0.5252702307917032,-0.07733442112289546,0.12381840357225658,0.011151850265902426,-0.03866058767664103,0.05511428964509361,all
ma50_reclaim_confirmed,3-5,10,408,false,0.01985905786319913,0.007549346732236728,0.01432528503568719,0.08902449494961785,0.5637254901960784,-0.05029576026903672,0.11190050632210934,0.014009057863199148,-0.02865794652203313,0.0545723706758589,all
ma50_reclaim_confirmed,6-10,10,693,false,0.01674828991550132,0.0031496062992126816,0.01109760303377042,0.08834240878655493,0.5194805194805194,-0.0608655718065193,0.1074193397768129,0.010898289915501326,-0.03234040424698793,0.051199612161377965,all
ma50_reclaim_confirmed,0,20,6981,false,0.015345253925677205,0.004769475357710773,0.008596628100717981,0.11869610315254865,0.5222747457384329,-0.10204081632653061,0.13465783664459163,0.009495253925677204,-0.053055173572819615,0.06985058841913827,all
ma50_reclaim_confirmed,1-2,20,426,false,0.011884052981593944,0.0017438751701341904,0.005436803628452179,0.1035340541317857,0.5046948356807511,-0.09416461514999674,0.12167400881057278,0.006034052981593946,-0.048814478625281585,0.06971532353739075,all
ma50_reclaim_confirmed,10+,20,3406,false,0.03206331407225799,0.008455264694317677,0.02079056413523303,0.14755673528205618,0.5384615384615384,-0.1083998189328354,0.19434452438049554,0.026213314072257982,-0.05707346742843552,0.09340920027561843,all
ma50_reclaim_confirmed,3-5,20,407,false,0.023572978111221228,0.00867052023121384,0.01677958510523447,0.11604876326713365,0.5503685503685504,-0.09929411764705884,0.14790509843513416,0.01772297811122124,-0.046275045949261996,0.08286014145486442,all
ma50_reclaim_confirmed,6-10,20,693,false,0.01926937403589587,0.0,0.007886262903816523,0.13730177491346368,0.48917748917748916,-0.09948411214953275,0.14390687995838217,0.01341937403589587,-0.05182012757812473,0.08293982963042068,all
ma50_reclaim_confirmed,0,5,1,true,0.15254237288135597,0.15254237288135597,,,1.0,,,0.14669237288135598,0.008474576271186418,0.27966101694915246,top200
ma50_reclaim_confirmed,10+,5,1,true,0.2972027972027973,0.2972027972027973,,,1.0,,,0.2913527972027973,0.09965034965034958,0.2972027972027973,top200
volume_contraction_days_10d,0,5,1608,false,0.006577313146801323,0.002094426850771547,0.003966993674771459,0.06459393306699371,0.5074626865671642,-0.057235112652894694,0.07922476556584535,0.0007273131468013229,-0.02367373939448132,0.0285287216456095,all
volume_contraction_days_10d,1,5,1574,false,0.006564208063531338,0.0022923908388443603,0.004766991892592578,0.06404757046852733,0.5127064803049556,-0.05710526315789466,0.07709267110841916,0.0007142080635313379,-0.023256814467032694,0.028371129237235258,all
volume_contraction_days_10d,2,5,1680,false,0.0028139679572970304,0.0,0.002301056263849222,0.06672925055245091,0.49523809523809526,-0.0581032687352183,0.07048573170310911,-0.003036032042702969,-0.024263013535433413,0.024813876418236444,all
volume_contraction_days_10d,3+,5,7096,false,0.0029489246670164563,0.0016246964417696574,0.0019077339573831782,0.06121091861401055,0.5066234498308907,-0.06111111111111106,0.06482984063977582,-0.002901075332983542,-0.024448831657092496,0.024272890765699977,all
volume_contraction_days_10d,0,10,1606,false,0.01784251327142126,0.004884070416487751,0.011977316898397199,0.09181230194070593,0.5323785803237858,-0.0695212170032315,0.1187809405940593,0.011992513271421264,-0.03470839243349754,0.05129998097907648,all
volume_contraction_days_10d,1,10,1573,false,0.016440278612876336,0.006279434850863241,0.011517411965768555,0.08996305973956072,0.536554354736173,-0.07006376444340391,0.11411038148843022,0.010590278612876343,-0.03526247676656299,0.050674359591628436,all
volume_contraction_days_10d,2,10,1678,false,0.011256800716951077,0.003664130678003974,0.007442587493786497,0.08753084263540732,0.5208581644815257,-0.07328976520243088,0.09928604597167398,0.005406800716951079,-0.03597650654172628,0.04482921096688822,all
volume_contraction_days_10d,3+,10,7095,false,0.01233985120182243,0.004658385093167627,0.007727519055836183,0.0852131848282029,0.5317829457364341,-0.07186535386489698,0.09948703460088476,0.00648985120182243,-0.03587361269795848,0.04570764856758382,all
volume_contraction_days_10d,0,20,1597,false,0.024952109229764513,0.0077821011673151474,0.015783892995211702,0.13367345031879319,0.5428929242329368,-0.10208714586856311,0.16368499012508236,0.019102109229764512,-0.051398076039972686,0.08228829155518294,all
volume_contraction_days_10d,1,20,1564,false,0.026878593933029132,0.009090992571097911,0.017832660921891303,0.13238988314210334,0.5485933503836317,-0.09822868410745399,0.17575336232177174,0.021028593933029135,-0.05159588635196846,0.08354753088216756,all
volume_contraction_days_10d,2,20,1674,false,0.014146434429907418,0.0,0.0061305095235926555,0.12848300463059992,0.4934289127837515,-0.10600423472474292,0.1421798435580839,0.008296434429907417,-0.05573030177399229,0.07385002898388733,all
volume_contraction_days_10d,3+,20,7078,false,0.01960660916455336,0.005466738590228393,0.011068464967726472,0.12609481091484953,0.5237355185080531,-0.10432552838789898,0.14621275211450876,0.013756609164553353,-0.05428644220408124,0.07642993964302569,all
volume_contraction_days_10d,0,5,1,true,0.15254237288135597,0.15254237288135597,,,1.0,,,0.14669237288135598,0.008474576271186418,0.27966101694915246,top200
volume_contraction_days_10d,2,5,1,true,0.2972027972027973,0.2972027972027973,,,1.0,,,0.2913527972027973,0.09965034965034958,0.2972027972027973,top200
tight_range_days_10d,0,5,10973,false,0.004150426595719348,0.0019230769230769162,0.0028211484579354303,0.06325788481243814,0.5089765788754215,-0.06020993846631157,0.0701555023923446,-0.0016995734042806515,-0.024365268871028932,0.02571019844216447,all
tight_range_days_10d,1,5,290,false,-0.0008367542069267904,-0.001022494887525538,-0.0010171786276010923,0.05534162533888554,0.4793103448275862,-0.05862375533428161,0.06012987120690654,-0.006686754206926787,-0.023682805844040325,0.02109417066762019,all
tight_range_days_10d,2,5,202,false,-0.002624130322073244,-0.004535631979539156,-0.003272090651318873,0.05391953306191658,0.41089108910891087,-0.06159190233923568,0.05441877794336803,-0.008474130322073243,-0.024305366525336845,0.020283648641230733,all
tight_range_days_10d,3+,5,493,false,0.003633916121098977,0.0,0.0009507836101485459,0.06145065661857885,0.49290060851926976,-0.04982476982476981,0.05526405182288585,-0.002216083878901018,-0.019851071077082522,0.02459528003363782,all
tight_range_days_10d,0,10,10967,false,0.014103687115777407,0.005319148936170359,0.009323736390856758,0.08684697743463918,0.5357891857390353,-0.07188524241263354,0.10544507810562852,0.008253687115777408,-0.03571186463344122,0.04762258088316063,all
tight_range_days_10d,1,10,290,false,-0.0006041367154306625,-0.002851351351351339,-0.00038977463710508376,0.08895973324516515,0.47586206896551725,-0.08059718842511507,0.09418560467665338,-0.006454136715430666,-0.040221229605745264,0.03834920157643664,all
tight_range_days_10d,2,10,202,false,0.0047383835560997995,-0.0022324532649938833,0.0009479250509007997,0.06936088179164554,0.44554455445544555,-0.0641157795459678,0.08861455108359143,-0.001111616443900206,-0.03543048208543941,0.03630853503503196,all
tight_range_days_10d,3+,10,493,false,0.011153549741060805,0.0,0.0035766024089552606,0.09701010661284254,0.4908722109533469,-0.06712157562459567,0.08744244856447833,0.005303549741060803,-0.03170036687455983,0.04236365638865761,all
tight_range_days_10d,0,20,10931,false,0.02156291442389378,0.006000000000000005,0.012871260004209647,0.12754440108751017,0.5281310035678346,-0.10291595197255576,0.15290519877675846,0.015712914423893783,-0.05347785089377591,0.07869152297080809,all
tight_range_days_10d,1,20,289,false,0.005600293833849641,0.0,0.0014959503517839095,0.12324363813504285,0.4913494809688581,-0.10853433698794526,0.1421411243539711,-0.0002497061661503567,-0.059958989746835334,0.06634793372326776,all
tight_range_days_10d,2,20,202,false,0.006399564473688601,-0.0006759655994654223,-0.0005468237227748751,0.10196025238638752,0.4900990099009901,-0.10198002890553148,0.09669393026259139,0.0005495644736886056,-0.05421724108069404,0.0610603364308592,all
tight_range_days_10d,3+,20,491,false,0.011665856913064307,0.0,0.0003346083345565792,0.1551781182105734,0.4969450101832994,-0.11488250652741516,0.11111111111111116,0.005815856913064319,-0.05593531145715912,0.07126888559417374,all
tight_range_days_10d,0,5,2,true,0.22487258504207663,0.22487258504207663,,0.10229036700701453,1.0,,,0.2190225850420766,0.054062462960768,0.2884319070759749,top200
volume_breakout_days_5d,0,5,8460,false,0.0036181883873007796,0.0030318350338572886,0.0029587696130642634,0.06123478156030747,0.5203309692671395,-0.0581032687352183,0.06452750085288654,-0.0022318116126992193,-0.023990374775487072,0.02409223674303129,all
volume_breakout_days_5d,1,5,2261,false,0.004893414863005927,0.0,0.0025038249348542717,0.06437766671289942,0.4825298540468819,-0.05882352941176472,0.07560975609756104,-0.000956585136994071,-0.023736257541785176,0.027008434029596275,all
volume_breakout_days_5d,2+,5,1237,false,0.003951118735361064,-0.003696857670979714,0.0005932771492847407,0.0705971754583946,0.45028294260307195,-0.06868263276873181,0.09384540593096746,-0.001898881264638938,-0.02611004219328616,0.03199005246130214,all
volume_breakout_days_5d,0,10,8455,false,0.012192444998696053,0.004950495049504955,0.00811320504224172,0.08349577249166126,0.5338852749852159,-0.0709601248644337,0.09763244885196118,0.0063424449986960564,-0.03503394683898258,0.04450378780729237,all
volume_breakout_days_5d,1,10,2261,false,0.016466449043292416,0.004484304932735439,0.010575186913483059,0.09392653762952585,0.5276426360017691,-0.07051464316178568,0.11928429423459241,0.01061644904329242,-0.03549081884463881,0.05128173288994254,all
volume_breakout_days_5d,2+,10,1236,false,0.01669743260604512,0.0033618098402150576,0.010631338550671084,0.09754701823948507,0.5169902912621359,-0.08020474679279033,0.12311900002196785,0.010847432606045121,-0.040165576326623494,0.05614093503613021,all
volume_breakout_days_5d,0,20,8423,false,0.018274290691397643,0.0057388809182208345,0.010485774423098941,0.12366228074174543,0.5276029918081444,-0.10218978102189788,0.14127217868580666,0.012424290691397643,-0.05335553481224502,0.07384699008847848,all
volume_breakout_days_5d,1,20,2256,false,0.025034574015653278,0.006993776517050465,0.0152788066627255,0.13585109496627526,0.5296985815602837,-0.10149400935125652,0.16916081530839355,0.01918457401565328,-0.05259363705702729,0.08339855454484056,all
volume_breakout_days_5d,2+,20,1234,false,0.02750486286921314,0.001480677758050053,0.01602761225549456,0.14427374036738425,0.5016207455429498,-0.11319591084296968,0.1972003047956148,0.02165486286921315,-0.05854598205532558,0.0944233911323225,all
volume_breakout_days_5d,0,5,1,true,0.15254237288135597,0.15254237288135597,,,1.0,,,0.14669237288135598,0.008474576271186418,0.27966101694915246,top200
volume_breakout_days_5d,2+,5,1,true,0.2972027972027973,0.2972027972027973,,,1.0,,,0.2913527972027973,0.09965034965034958,0.2972027972027973,top200
failed_breakdown_count_10d,0,5,6720,false,0.004390368581618078,0.002049188932700119,0.0029971834701309572,0.06585506823040208,0.5096726190476191,-0.061224489795918324,0.07134038800705449,-0.0014596314183819203,-0.025164927307064426,0.02628958547380327,all
failed_breakdown_count_10d,1,5,3894,false,0.003258814373969689,0.0016052853310933868,0.0021574476342266415,0.05914703665275396,0.5059065228556754,-0.059174641148325366,0.06486486486486487,-0.002591185626030309,-0.02308300283375331,0.024474503747787212,all
failed_breakdown_count_10d,2+,5,1344,false,0.0032502370511541534,0.0,0.0013556491238504648,0.057793927520405255,0.48735119047619047,-0.054373380411555775,0.06755305416430014,-0.002599762948845844,-0.022269975117249655,0.024172883261719673,all
failed_breakdown_count_10d,0,10,6717,false,0.01389149757507003,0.005102040816326703,0.009049384116496315,0.08947663829545877,0.5352091707607562,-0.07386351302301856,0.10629921259842523,0.00804149757507003,-0.036702121861227906,0.047861250165137585,all
failed_breakdown_count_10d,1,10,3892,false,0.013774626047999044,0.004437879533891298,0.009165092925969785,0.08477571648627921,0.5251798561151079,-0.0684345650125118,0.1012013818571685,0.007924626047999045,-0.0341810492733512,0.04644569957624773,all
failed_breakdown_count_10d,2+,10,1343,false,0.010451047402362926,0.003669724770642091,0.0056726087522255084,0.08156099027458572,0.526433358153388,-0.070409665054746,0.09476959994000968,0.004601047402362927,-0.03465422037027702,0.04420479491399009,all
failed_breakdown_count_10d,0,20,6687,false,0.02151659103668289,0.006711409395973034,0.012381735820419083,0.13063149283251993,0.5323762524300882,-0.10507500190360161,0.1507926308823953,0.01566659103668289,-0.054979869591066044,0.07907291076744523,all
failed_breakdown_count_10d,1,20,3885,false,0.01971378984306275,0.004347826086956497,0.011762289990756007,0.12876613937243825,0.5184041184041184,-0.10172447772960184,0.15228758169934634,0.01386378984306275,-0.052146397940599234,0.07694095927535206,all
failed_breakdown_count_10d,2+,20,1341,false,0.01780300704770164,0.0033444816053511683,0.00928425176048182,0.11496429130726564,0.5100671140939598,-0.09777015437392789,0.13682678311499274,0.01195300704770164,-0.05225317884099808,0.07382745722524346,all
failed_breakdown_count_10d,0,5,2,true,0.22487258504207663,0.22487258504207663,,0.10229036700701453,1.0,,,0.2190225850420766,0.054062462960768,0.2884319070759749,top200
beta_60,Q1,5,2912,false,-0.005265042985687662,-0.004162335412335516,-0.00565451491021468,0.052583865695648956,0.426510989010989,-0.06353411197293368,0.04737505847893748,-0.011115042985687662,-0.025829089287958993,0.01687545838968645,all
beta_60,Q2,5,1815,false,0.0060154294790005745,0.0034843205574912606,0.004212771076966006,0.06146675731562575,0.5300275482093664,-0.05324762675067052,0.0688707192795356,0.00016542947900057537,-0.02273260464286927,0.02612296636239971,all
beta_60,Q3,5,1533,false,0.006534468148776502,0.004081632653061273,0.005516458633182098,0.07103526537594541,0.5322896281800391,-0.05767154687962145,0.07305756091440879,0.0006844681487765019,-0.02453607969458249,0.029352717957142328,all
beta_60,Q4,5,1398,false,0.007172779089587376,0.006028670241364775,0.0064201732242230546,0.07206206372480471,0.547925608011445,-0.06596296264781046,0.08153330249768732,0.001322779089587379,-0.02712911132631821,0.030079470287781244,all
beta_60,Q5,5,1635,false,0.011130563826705912,0.006031363088057962,0.009420249232200945,0.07214281429860592,0.5425076452599389,-0.06538089029614454,0.09214932126696827,0.005280563826705915,-0.025470807918295417,0.03464524574186062,all
beta_60,Q1,10,2912,false,0.00184179107436796,-0.0012315569792272218,-0.00039606456847974414,0.07034993861134745,0.48179945054945056,-0.07058087608088442,0.07574484339190216,-0.004008208925632038,-0.03713626815237853,0.03377169391605512,all
beta_60,Q2,10,1814,false,0.015554336531226447,0.005444717833180124,0.010058954600516395,0.08498814100166453,0.538037486218302,-0.0675444455862707,0.1029358836676052,0.009704336531226446,-0.03370628491404551,0.04800914707399412,all
beta_60,Q3,10,1532,false,0.020107726439916637,0.006655592469545946,0.014588223496237456,0.09840744241948635,0.5509138381201044,-0.07227791724701618,0.12740303312808937,0.014257726439916636,-0.03585407735071405,0.05540728534317119,all
beta_60,Q4,10,1394,false,0.021381070943858743,0.009609613075999612,0.015637795593188113,0.10008619221584837,0.5659971305595409,-0.0709512005443763,0.12990019780615006,0.015531070943858746,-0.037685028496653054,0.05730792831447336,all
beta_60,Q5,10,1635,false,0.026982042734822,0.012315270935960632,0.02080984262702181,0.10230634471606019,0.5755351681957187,-0.08303321154897556,0.14626971127597388,0.021132042734822,-0.0370838005438824,0.06358832850396597,all
beta_60,Q1,20,2909,false,0.01271900730835176,0.002624671916010568,0.006332392604579136,0.10340458026743136,0.5080783774492953,-0.08725260442308826,0.11739512475949525,0.00686900730835176,-0.05124345462403118,0.059984752025697696,all
beta_60,Q2,20,1807,false,0.02615486134757789,0.007067137809187329,0.016978995485997524,0.12549359069892416,0.5351411178749308,-0.09468070124758515,0.16913957750176656,0.02030486134757789,-0.04996449248042417,0.0786502564229643,all
beta_60,Q3,20,1517,false,0.02820209768422032,0.009009009009008917,0.018157739650145516,0.13480028593657475,0.5418589321028345,-0.10731412507497265,0.16824422647207468,0.022352097684220317,-0.05319413765660545,0.08870466445855281,all
beta_60,Q4,20,1384,false,0.0368791046831245,0.012124493125704738,0.024965764169273666,0.14984120596527065,0.5570809248554913,-0.09969283276450511,0.1910243407707911,0.031029104683124503,-0.05622729877058056,0.09509876127561293,all
beta_60,Q5,20,1631,false,0.040660748607538925,0.014705882352941124,0.02891453737738614,0.14873767400437712,0.5714285714285714,-0.10501567398119116,0.217687074829932,0.034810748607538924,-0.054626063869840306,0.10237580205213472,all
beta_60,Q3,5,1,true,0.15254237288135597,0.15254237288135597,,,1.0,,,0.14669237288135598,0.008474576271186418,0.27966101694915246,top200
beta_60,Q4,5,1,true,0.2972027972027973,0.2972027972027973,,,1.0,,,0.2913527972027973,0.09965034965034958,0.2972027972027973,top200
beta_adj_rs_20d,Q1,5,2409,false,0.003295549564078651,0.0034602076124568004,0.0026673919425951246,0.0655370022180125,0.522623495226235,-0.06735567725151582,0.07073321848460123,-0.0025544504359213465,-0.024876694022428588,0.025147528978087978,all
beta_adj_rs_20d,Q2,5,1857,false,0.0024174861954937006,0.0,0.0017661013537167796,0.05785010106491868,0.4878836833602585,-0.0549941843559174,0.06173648769441639,-0.0034325138045062974,-0.024210796452013104,0.022440909226811655,all
beta_adj_rs_20d,Q3,5,1723,false,0.0002390469116251964,0.0,-0.00021623968605993723,0.05612911267121291,0.4875217643644806,-0.06006220728611774,0.05816410245289907,-0.005610953088374803,-0.02523504896782163,0.02108037432066487,all
beta_adj_rs_20d,Q4,5,1685,false,0.00029003426344155096,0.0,-0.00004698332077411192,0.062465483219981535,0.485459940652819,-0.06094160861509583,0.06251739405439588,-0.005559965736558447,-0.024520373413197818,0.024565903218117358,all
beta_adj_rs_20d,Q5,5,2029,false,0.007102007118519447,0.0013140604467805073,0.004113688819567224,0.07626884022295387,0.5036964021685559,-0.07254923576750727,0.09193961866507279,0.0012520071185194478,-0.027855029625537188,0.03424376964788721,all
beta_adj_rs_20d,Q1,10,2407,false,0.012885321057390316,0.006688963210702337,0.008966465801331624,0.08347096351373984,0.5513086830078936,-0.07760974893554548,0.10439974042829339,0.007035321057390316,-0.03597605389216194,0.04596516772819884,all
beta_adj_rs_20d,Q2,10,1855,false,0.011517364423257207,0.0028169014084507005,0.0073689697461638975,0.08115619711844037,0.5153638814016173,-0.06736768159086674,0.09787569826946378,0.00566736442325721,-0.034676807893047584,0.042545631433944006,all
beta_adj_rs_20d,Q3,10,1723,false,0.009864789590859324,0.0026420079260238705,0.00590504894427122,0.08077511022104293,0.514219384793964,-0.07057351686765123,0.09002486190289406,0.0040147895908593245,-0.03632526462468739,0.04128769153180482,all
beta_adj_rs_20d,Q4,10,1685,false,0.010780096570833458,0.0034482758620688614,0.006615974652023091,0.08565811170419098,0.5216617210682493,-0.07010656992233999,0.0990241257039561,0.004930096570833457,-0.035642315631025476,0.04623280598365311,all
beta_adj_rs_20d,Q5,10,2027,false,0.025114597025401253,0.009646302250803762,0.018181008597620917,0.10855636227322595,0.5579674395658609,-0.07968910668380465,0.1488624637881088,0.019264597025401245,-0.040708028124655175,0.06422585574199532,all
beta_adj_rs_20d,Q1,20,2391,false,0.019352514994083303,0.007352941176470562,0.011795183739226249,0.121212952882654,0.5319949811794228,-0.09961685823754785,0.14089347079037795,0.013502514994083305,-0.05271386317103554,0.07422105776620379,all
beta_adj_rs_20d,Q2,20,1850,false,0.02099471223816965,0.006314226195815786,0.013390005022614091,0.11324501957330943,0.5367567567567567,-0.09208822415751605,0.1450609399906931,0.01514471223816965,-0.050539244273307776,0.07182918277042057,all
beta_adj_rs_20d,Q3,20,1717,false,0.01611540025335694,0.00366300366300365,0.010376678594512296,0.11541179245110411,0.5177635410599883,-0.10127673505019638,0.14378866801318177,0.010265400253356939,-0.05393633107591562,0.06900868659141228,all
beta_adj_rs_20d,Q4,20,1682,false,0.017389233663268503,0.004152298850574665,0.010005290729552321,0.12325005367893382,0.5172413793103449,-0.10120620339124273,0.1386540571010695,0.011539233663268506,-0.0543896643955949,0.07575080696219882,all
beta_adj_rs_20d,Q5,20,2018,false,0.04313295951599491,0.011784511784511786,0.02845638585386256,0.1653195590885892,0.5495540138751239,-0.10910066677508543,0.22519480519480523,0.0372829595159949,-0.05862948115917153,0.1077643592697882,all
beta_adj_rs_20d,Q1,5,1,true,0.15254237288135597,0.15254237288135597,,,1.0,,,0.14669237288135598,0.008474576271186418,0.27966101694915246,top200
beta_adj_rs_20d,Q5,5,1,true,0.2972027972027973,0.2972027972027973,,,1.0,,,0.2913527972027973,0.09965034965034958,0.2972027972027973,top200
beta_adj_rs_60d,Q1,5,2555,false,0.00497294060057073,0.0021739130434783593,0.0032681797699965326,0.06259388534968863,0.5095890410958904,-0.05705648900263334,0.06985294117647056,-0.0008770593994292705,-0.022759766680914627,0.025496519918894327,all
beta_adj_rs_60d,Q2,5,1691,false,0.00030802471650008746,0.0,-0.00029236615101651436,0.05557015151404628,0.48373743347131876,-0.05802707930367501,0.055696202531645644,-0.005541975283499913,-0.024948180915924198,0.0202171020094169,all
beta_adj_rs_60d,Q3,5,1532,false,0.004849550696305017,0.0034136054897301316,0.004565397995144381,0.058902207985951895,0.5234986945169713,-0.05089285714285715,0.06309082446595096,-0.001000449303694982,-0.021495496693578448,0.024183693168881845,all
beta_adj_rs_60d,Q4,5,1516,false,0.0017428092967958786,0.0,0.000803323474084436,0.06278509390550463,0.487467018469657,-0.06463216523555354,0.06416374269005853,-0.004107190703204121,-0.026250354206119795,0.02459447673736732,all
beta_adj_rs_60d,Q5,5,1999,false,0.005268240337820689,0.0015015015015016342,0.00320058791218948,0.07817261445325471,0.5062531265632816,-0.07572922003793282,0.09075322862129147,-0.0005817596621793097,-0.030312080278209426,0.03330812361070888,all
beta_adj_rs_60d,Q1,10,2553,false,0.012981676646660546,0.004373177842565745,0.008586290764936347,0.08139002052314467,0.5260477869173521,-0.06759276759276753,0.10186725637168566,0.007131676646660546,-0.033283982201951466,0.04577967837750682,all
beta_adj_rs_60d,Q2,10,1688,false,0.01243070533124192,0.004252561784207298,0.007584172158433301,0.07907803045703618,0.5296208530805687,-0.06534025703039788,0.09376659292035398,0.006580705331241917,-0.034550787221786165,0.04128676897361399,all
beta_adj_rs_60d,Q3,10,1532,false,0.014394560706787865,0.0067874692874693165,0.01033026524150742,0.0822730274829408,0.5483028720626631,-0.05903483750292269,0.09449052265380634,0.008544560706787867,-0.031476020916973435,0.045439355676576136,all
beta_adj_rs_60d,Q4,10,1516,false,0.010042248698686543,0.004926586579298675,0.006062275051567858,0.08989752935106961,0.5290237467018469,-0.0850673111056498,0.09852654387865656,0.004192248698686548,-0.038973749498663855,0.04606211155847702,all
beta_adj_rs_60d,Q5,10,1998,false,0.023474967287918452,0.005791592128801426,0.01686067401360761,0.10952799987451776,0.5375375375375375,-0.08803581379399032,0.15328814460393397,0.017624967287918455,-0.04343153159757057,0.06414367209783543,all
beta_adj_rs_60d,Q1,20,2535,false,0.02261593853794029,0.006711409395973034,0.013570584287735919,0.12230994222086924,0.5341222879684419,-0.09257958767392731,0.14531014685181426,0.01676593853794029,-0.04938150933915698,0.07535586811685806,all
beta_adj_rs_60d,Q2,20,1684,false,0.01854736388725981,0.007092198581560183,0.011995787699903228,0.10750567109502493,0.5368171021377672,-0.08644967420930638,0.1298701298701299,0.012697363887259817,-0.0495224187540707,0.06659672197524191,all
beta_adj_rs_60d,Q3,20,1530,false,0.022225733605324715,0.00712321127546045,0.014279988120997194,0.11704483355786918,0.5339869281045752,-0.08700212830647618,0.1408056121983139,0.01637573360532471,-0.0476395281756701,0.07405768874121345,all
beta_adj_rs_60d,Q4,20,1513,false,0.025088566135605846,0.0048661800486617945,0.01493769647830921,0.13284199051826578,0.5234633179114342,-0.10317659474671673,0.16602545611884334,0.019238566135605845,-0.05586667308419356,0.07990169850869965,all
beta_adj_rs_60d,Q5,20,1986,false,0.04223204068641915,0.012435353344444344,0.029663291150942447,0.15803148304441272,0.5553877139979859,-0.10910717189786961,0.22870494843279254,0.036382040686419155,-0.06091118432372537,0.10694748873861731,all
beta_adj_rs_60d,Q1,5,1,true,0.15254237288135597,0.15254237288135597,,,1.0,,,0.14669237288135598,0.008474576271186418,0.27966101694915246,top200
beta_adj_rs_60d,Q5,5,1,true,0.2972027972027973,0.2972027972027973,,,1.0,,,0.2913527972027973,0.09965034965034958,0.2972027972027973,top200
atr_compression_ratio,Q1,5,1996,false,0.003089661082456327,0.001871852143826902,0.002294201536652068,0.05558112912623517,0.5100200400801603,-0.05351186281418835,0.06093876138853649,-0.002760338917543673,-0.020761809905318708,0.024344707659241415,all
atr_compression_ratio,Q2,5,1817,false,0.004186125228005766,0.003231017770597866,0.0041653118466471505,0.053023645578820354,0.523390203632361,-0.05248560538480253,0.060550652421772815,-0.001663874771994232,-0.020773987051556683,0.023285790892562632,all
atr_compression_ratio,Q3,5,1899,false,0.0033108427515159858,0.0,0.001696216266705093,0.06407540573683713,0.4960505529225908,-0.05867095867095868,0.06818841535822662,-0.0025391572484840135,-0.02490731614785631,0.024866944363449665,all
atr_compression_ratio,Q4,5,1865,false,0.0011374933721987192,0.0,0.0006330902337930304,0.06383221951666848,0.49222520107238604,-0.06148448043184884,0.06487621905476376,-0.00471250662780128,-0.026789761981514264,0.02313051632719851,all
atr_compression_ratio,Q5,5,2126,false,0.0026138006523300492,-0.0011406227709547245,0.00022734707913801768,0.08041466002126939,0.477892756349953,-0.08095067323052846,0.09306960438911671,-0.00323619934766995,-0.03280962939342939,0.03207231768530165,all
atr_compression_ratio,Q1,10,1996,false,0.009692176267912094,0.003345828903933201,0.0059439578493546115,0.08255304617455742,0.5225450901803608,-0.07301693469431281,0.09350448894049679,0.003842176267912096,-0.03314234346166587,0.043360837672940675,all
atr_compression_ratio,Q2,10,1815,false,0.011817825012252405,0.0050352467270895485,0.008466649696979479,0.0771304792060905,0.5366391184573003,-0.06725216052185048,0.09343359010509257,0.005967825012252407,-0.031875170022912284,0.04374469247128314,all
atr_compression_ratio,Q3,10,1897,false,0.013929167653920493,0.0050675675675675436,0.008721818530935174,0.0846271336949562,0.5324196099103848,-0.07086158175665458,0.09998362400720544,0.008079167653920492,-0.03558265497548375,0.046619262831947283,all
atr_compression_ratio,Q4,10,1865,false,0.014130822397728903,0.005934718100890191,0.009335271638982632,0.0900392229150286,0.5415549597855228,-0.07707795560144555,0.11017852775739795,0.008280822397728907,-0.037422593052292716,0.04624633454434586,all
atr_compression_ratio,Q5,10,2124,false,0.021128018412632617,0.007685095639206607,0.015007623750109157,0.10525894646820573,0.5376647834274952,-0.0815468484093444,0.14315880198233136,0.01527801841263262,-0.04462418196009318,0.060337137883494804,all
atr_compression_ratio,Q1,20,1990,false,0.010980887539932628,0.0,0.004156729842691879,0.11801279155759249,0.49547738693467336,-0.10646386365640714,0.12495635927872514,0.005130887539932623,-0.05306837169547197,0.06911093179213466,all
atr_compression_ratio,Q2,20,1807,false,0.015740453256535433,0.005376344086021501,0.010582856217424682,0.10649412104999657,0.5268400664084117,-0.09696515037850367,0.14004888375279967,0.00989045325653543,-0.04931990495174119,0.07006300909580673,all
atr_compression_ratio,Q3,20,1889,false,0.023699246637672606,0.00746268656716409,0.01453720150302731,0.12683163555320856,0.5336156696664902,-0.09815233122776645,0.15065307126424438,0.017849246637672605,-0.053389457375688835,0.07826173015527901,all
atr_compression_ratio,Q4,20,1860,false,0.027641983480563913,0.01086687585051238,0.01801084343941885,0.13465426982032075,0.5532258064516129,-0.09445740325944225,0.16053102850248832,0.02179198348056391,-0.05377218992003245,0.08039130722951937,all
atr_compression_ratio,Q5,20,2112,false,0.03910809428974354,0.010000000000000009,0.026311589919851417,0.1540622834061938,0.5482954545454546,-0.10242158059550976,0.21460899493662505,0.03325809428974354,-0.05982327251031684,0.10048150332664699,all
atr_compression_ratio,Q2,5,1,true,0.15254237288135597,0.15254237288135597,,,1.0,,,0.14669237288135598,0.008474576271186418,0.27966101694915246,top200
atr_compression_ratio,Q5,5,1,true,0.2972027972027973,0.2972027972027973,,,1.0,,,0.2913527972027973,0.09965034965034958,0.2972027972027973,top200
atr_compression_days_10d,0,5,10973,false,0.004150426595719348,0.0019230769230769162,0.0028211484579354303,0.06325788481243814,0.5089765788754215,-0.06020993846631157,0.0701555023923446,-0.0016995734042806515,-0.024365268871028932,0.02571019844216447,all
atr_compression_days_10d,1,5,290,false,-0.0008367542069267904,-0.001022494887525538,-0.0010171786276010923,0.05534162533888554,0.4793103448275862,-0.05862375533428161,0.06012987120690654,-0.006686754206926787,-0.023682805844040325,0.02109417066762019,all
atr_compression_days_10d,2,5,202,false,-0.002624130322073244,-0.004535631979539156,-0.003272090651318873,0.05391953306191658,0.41089108910891087,-0.06159190233923568,0.05441877794336803,-0.008474130322073243,-0.024305366525336845,0.020283648641230733,all
atr_compression_days_10d,3+,5,493,false,0.003633916121098977,0.0,0.0009507836101485459,0.06145065661857885,0.49290060851926976,-0.04982476982476981,0.05526405182288585,-0.002216083878901018,-0.019851071077082522,0.02459528003363782,all
atr_compression_days_10d,0,10,10967,false,0.014103687115777407,0.005319148936170359,0.009323736390856758,0.08684697743463918,0.5357891857390353,-0.07188524241263354,0.10544507810562852,0.008253687115777408,-0.03571186463344122,0.04762258088316063,all
atr_compression_days_10d,1,10,290,false,-0.0006041367154306625,-0.002851351351351339,-0.00038977463710508376,0.08895973324516515,0.47586206896551725,-0.08059718842511507,0.09418560467665338,-0.006454136715430666,-0.040221229605745264,0.03834920157643664,all
atr_compression_days_10d,2,10,202,false,0.0047383835560997995,-0.0022324532649938833,0.0009479250509007997,0.06936088179164554,0.44554455445544555,-0.0641157795459678,0.08861455108359143,-0.001111616443900206,-0.03543048208543941,0.03630853503503196,all
atr_compression_days_10d,3+,10,493,false,0.011153549741060805,0.0,0.0035766024089552606,0.09701010661284254,0.4908722109533469,-0.06712157562459567,0.08744244856447833,0.005303549741060803,-0.03170036687455983,0.04236365638865761,all
atr_compression_days_10d,0,20,10931,false,0.02156291442389378,0.006000000000000005,0.012871260004209647,0.12754440108751017,0.5281310035678346,-0.10291595197255576,0.15290519877675846,0.015712914423893783,-0.05347785089377591,0.07869152297080809,all
atr_compression_days_10d,1,20,289,false,0.005600293833849641,0.0,0.0014959503517839095,0.12324363813504285,0.4913494809688581,-0.10853433698794526,0.1421411243539711,-0.0002497061661503567,-0.059958989746835334,0.06634793372326776,all
atr_compression_days_10d,2,20,202,false,0.006399564473688601,-0.0006759655994654223,-0.0005468237227748751,0.10196025238638752,0.4900990099009901,-0.10198002890553148,0.09669393026259139,0.0005495644736886056,-0.05421724108069404,0.0610603364308592,all
atr_compression_days_10d,3+,20,491,false,0.011665856913064307,0.0,0.0003346083345565792,0.1551781182105734,0.4969450101832994,-0.11488250652741516,0.11111111111111116,0.005815856913064319,-0.05593531145715912,0.07126888559417374,all
atr_compression_days_10d,0,5,2,true,0.22487258504207663,0.22487258504207663,,0.10229036700701453,1.0,,,0.2190225850420766,0.054062462960768,0.2884319070759749,top200
dist_above_ma20_atr,Q1,5,1952,false,-0.00011879836728515549,0.0034395055156301035,0.0007617195710272759,0.06531121517566006,0.5225409836065574,-0.0731525892664784,0.06423146646597323,-0.005968798367285156,-0.03084729938792313,0.019935354054789287,all
dist_above_ma20_atr,Q2,5,1867,false,0.0030560191884109696,0.0026631158455392434,0.002568373176489693,0.06355131544727718,0.516336368505624,-0.06369719721896096,0.06493656784229605,-0.0027939808115890275,-0.0257982711677989,0.023476506620502102,all
dist_above_ma20_atr,Q3,5,1985,false,0.0018383314615074294,0.0010952902519167917,0.0005902505544636293,0.05986580029399383,0.5002518891687657,-0.06075349592279822,0.06097452243496876,-0.0040116685384925695,-0.024204727572535147,0.024019370580238435,all
dist_above_ma20_atr,Q4,5,1947,false,0.0029059682218375267,0.0,0.0012899068083503963,0.06265901476920217,0.4833076527991782,-0.05780252100840341,0.06756913916218911,-0.0029440317781624747,-0.023230064859211506,0.026622017047723958,all
dist_above_ma20_atr,Q5,5,2157,false,0.005527203818282994,-0.002022244691607722,0.0024012467583803543,0.06881126872331106,0.46407046824292997,-0.06374383905555982,0.08414768332407317,-0.00032279618171700324,-0.02358786757846902,0.03186803449821026,all
dist_above_ma20_atr,Q1,10,1951,false,0.0057065860636251325,0.0034482758620690834,0.0031603460978334498,0.08038580653316876,0.5171706817016914,-0.0855513307984791,0.09019607843137267,-0.00014341393637486968,-0.042017039960695446,0.037406097094776866,all
dist_above_ma20_atr,Q2,10,1864,false,0.011888930037010064,0.0063313965137246075,0.007851600544686553,0.08874103345524322,0.5429184549356223,-0.07491379310344831,0.10016908212560391,0.006038930037010069,-0.03755112988747336,0.045013235166930364,all
dist_above_ma20_atr,Q3,10,1985,false,0.010217676850867205,0.002375296912114022,0.006107541380344995,0.07935797202033608,0.5088161209068011,-0.07130541871921178,0.10094578787806466,0.004367676850867205,-0.035463656102458184,0.04473006015776133,all
dist_above_ma20_atr,Q4,10,1947,false,0.01515939818151952,0.003809523809523707,0.009399166328847623,0.09165801819397738,0.5290190035952748,-0.06889781589852163,0.10684846832106183,0.009309398181519518,-0.035240640430403765,0.050592163950295276,all
dist_above_ma20_atr,Q5,10,2155,false,0.021578568832757366,0.005464480874316724,0.014916409115119367,0.10081192865474031,0.5331786542923433,-0.07639659051300733,0.13761904761904772,0.015728568832757365,-0.03621315911477159,0.0589828772677707,all
dist_above_ma20_atr,Q1,20,1945,false,0.010470924660791824,0.003030303030303161,0.0043721939975943525,0.10859224434012078,0.5059125964010283,-0.10518688024408848,0.1246732026143792,0.004620924660791825,-0.05991871095108496,0.0629658930297785,all
dist_above_ma20_atr,Q2,20,1854,false,0.019331314349233547,0.0077354346725964085,0.01183827856461789,0.1288958163857903,0.5426105717367853,-0.10663759029576127,0.1507099440040794,0.013481314349233548,-0.05629753281707563,0.07547522816594925,all
dist_above_ma20_atr,Q3,20,1980,false,0.019725394668519147,0.003960535809517829,0.01197317329264554,0.12043563791724265,0.5171717171717172,-0.10085509505668347,0.14736165675159954,0.013875394668519146,-0.05406044799532398,0.07525905909230612,all
dist_above_ma20_atr,Q4,20,1939,false,0.024899509281749155,0.004424778761061843,0.01403975721224702,0.14099201787813298,0.5219185146982981,-0.1000797901114357,0.1590268055588513,0.019049509281749154,-0.05263366112070451,0.08316513262158381,all
dist_above_ma20_atr,Q5,20,2145,false,0.03427627040393614,0.0078125,0.022538171097606786,0.14461403344061086,0.5337995337995338,-0.10252760455403631,0.2039891272406703,0.02842627040393614,-0.052453609429310606,0.0960790691668648,all
dist_above_ma20_atr,Q1,5,1,true,0.15254237288135597,0.15254237288135597,,,1.0,,,0.14669237288135598,0.008474576271186418,0.27966101694915246,top200
dist_above_ma20_atr,Q5,5,1,true,0.2972027972027973,0.2972027972027973,,,1.0,,,0.2913527972027973,0.09965034965034958,0.2972027972027973,top200
dist_above_ma50_atr,Q1,5,1750,false,-0.000986938567039005,0.0026544775593603243,-0.0006965950756593917,0.06796414562581413,0.5131428571428571,-0.07576407855377817,0.06499134670352479,-0.006836938567039005,-0.03210098317466896,0.020663291853483517,all
dist_above_ma50_atr,Q2,5,1740,false,0.0032549760187838427,0.002810997459632536,0.0028169351553352794,0.05703828619097016,0.5172413793103449,-0.05737863916245919,0.0645422489225545,-0.002595023981216154,-0.023582642101201458,0.02274404828515918,all
dist_above_ma50_atr,Q3,5,1880,false,0.00295501522891192,0.0010911233868279302,0.0017747292230068205,0.05745902818919061,0.500531914893617,-0.05714285714285716,0.06161462052846856,-0.002894984771088079,-0.02254949048217203,0.023963481591468425,all
dist_above_ma50_atr,Q4,5,1844,false,0.0017452248267836434,0.0,0.001183215251089061,0.06697789373891018,0.4891540130151844,-0.06307224505884337,0.07120310757242564,-0.004104775173216354,-0.02492510269841013,0.026631082943939916,all
dist_above_ma50_atr,Q5,5,2284,false,0.004783413951067461,-0.002337910774065699,0.0014586605323686328,0.07182255716252248,0.46366024518388793,-0.0670668889663067,0.08544475138121567,-0.0010665860489325375,-0.026131823379783915,0.031723077743843434,all
dist_above_ma50_atr,Q1,10,1749,false,0.007285233296052894,0.004950495049504955,0.004661076575809751,0.08316439246541789,0.5357347055460263,-0.08548165295317546,0.09147138530208836,0.0014352332960528968,-0.042606349233559694,0.04019821059133252,all
dist_above_ma50_atr,Q2,10,1738,false,0.013039616234213729,0.00467453036260379,0.009389422253247707,0.07710946556231711,0.5345224395857308,-0.06557471177528297,0.09975739262899884,0.007189616234213733,-0.03370387040208226,0.042711381088025434,all
dist_above_ma50_atr,Q3,10,1879,false,0.01195635638626256,0.004310344827586299,0.007706372918948932,0.0834629406201077,0.5295369877594465,-0.06904796266897581,0.10096607156658167,0.00610635638626256,-0.03409561326796154,0.04541153201777202,all
dist_above_ma50_atr,Q4,10,1844,false,0.012088342509179043,0.003296898379447577,0.0077578049819580575,0.09070447504338304,0.5151843817787418,-0.07644271570014145,0.10467661691542297,0.006238342509179048,-0.03709182841569663,0.04974488226893688,all
dist_above_ma50_atr,Q5,10,2282,false,0.022856917730563864,0.00543008216377705,0.014879894282898789,0.10482047526116799,0.5315512708150745,-0.07526246023329794,0.14334978746743451,0.017006917730563866,-0.03824353417183571,0.05995753218677153,all
dist_above_ma50_atr,Q1,20,1742,false,0.013035674650182592,0.005825264681929232,0.007983632467819999,0.10902490310618956,0.5223880597014925,-0.10198166223010932,0.12850519990357806,0.007185674650182595,-0.05883193114558808,0.06455905107145887,all
dist_above_ma50_atr,Q2,20,1729,false,0.019499298027832908,0.007653061224489832,0.013420967664379013,0.11146046839878969,0.5430884904569115,-0.09844595151149063,0.1416065820621172,0.01364929802783291,-0.05109905738761669,0.07049281665178571,all
dist_above_ma50_atr,Q3,20,1874,false,0.019787381595781698,0.003846210742762368,0.01107528083082795,0.12978876013989898,0.5149413020277481,-0.0982406726221755,0.15276947423949364,0.0139373815957817,-0.05235138017636948,0.0750339684456689,all
dist_above_ma50_atr,Q4,20,1840,false,0.024990704863319196,0.006869106421194426,0.015744294998104084,0.13635760953244003,0.5342391304347827,-0.10407040853832857,0.16754209707089285,0.019140704863319195,-0.05505207400373594,0.08394546370067232,all
dist_above_ma50_atr,Q5,20,2268,false,0.03705490454615118,0.007633615587726461,0.02331819887413619,0.1536184906674104,0.531305114638448,-0.10320609673081076,0.21209508301877478,0.031204904546151185,-0.05601882362402858,0.09990692213367884,all
dist_above_ma50_atr,Q1,5,1,true,0.15254237288135597,0.15254237288135597,,,1.0,,,0.14669237288135598,0.008474576271186418,0.27966101694915246,top200
dist_above_ma50_atr,Q5,5,1,true,0.2972027972027973,0.2972027972027973,,,1.0,,,0.2913527972027973,0.09965034965034958,0.2972027972027973,top200
sma20_slope_10d,Q1,5,2052,false,-0.0005851782629107266,0.003301478081273568,0.0000913757381982388,0.06437906804529472,0.5165692007797271,-0.07734332101820156,0.06847495516103043,-0.006435178262910728,-0.03130374665380192,0.021900426740345844,all
sma20_slope_10d,Q2,5,1763,false,0.0002326086979509306,0.0,-0.00014195901151190483,0.05325137479779519,0.48099829835507657,-0.05431708299758259,0.055836229549885624,-0.005617391302049067,-0.024103511311972824,0.020131285653357298,all
sma20_slope_10d,Q3,5,1798,false,0.0036862633502626955,0.0023622266845159112,0.002657976673261985,0.05917681755575944,0.517797552836485,-0.05743366504830938,0.06033571764982923,-0.002163736649737303,-0.02176458752858906,0.02401866470025871,all
sma20_slope_10d,Q4,5,1800,false,0.0022378985171953043,0.0,0.0008157665851557155,0.05872928086983373,0.4738888888888889,-0.056676729559748416,0.06480847088134538,-0.003612101482804695,-0.022951624940431643,0.024369221880803444,all
sma20_slope_10d,Q5,5,2290,false,0.007804972313224412,0.0013325449922585442,0.0048064174331077375,0.07908778501404463,0.5034934497816594,-0.07009706959706959,0.09233663477983035,0.0019549723132244144,-0.025775828274514863,0.03579367486481645,all
sma20_slope_10d,Q1,10,2051,false,0.011406863457052465,0.008571428571428452,0.008660387031491138,0.08337210504701503,0.5636274987810824,-0.08704883227176219,0.09952606635071093,0.005556863457052462,-0.04203668128506136,0.043240766622285425,all
sma20_slope_10d,Q2,10,1762,false,0.008943192001926953,0.002259158889930224,0.0051156853555394495,0.07617036874603143,0.5107832009080591,-0.06837606837606836,0.0901205846528624,0.0030931920019269528,-0.03525569567955198,0.03993227231440565,all
sma20_slope_10d,Q3,10,1797,false,0.010721882688154143,0.004566210045662045,0.007022310389497654,0.08037381956507686,0.5275459098497496,-0.06886341222879683,0.09152180275095118,0.0048718826881541406,-0.03303890391579275,0.04413565883106326,all
sma20_slope_10d,Q4,10,1799,false,0.013987028964246303,0.00222717149220486,0.008780858398321751,0.08238728485835678,0.5147304057809894,-0.06500823120541432,0.10874267560087073,0.0081370289642463,-0.0335334464579362,0.047120124148109496,all
sma20_slope_10d,Q5,10,2288,false,0.023979542217033193,0.008158854698275486,0.01673656502281656,0.11099247121696547,0.5458916083916084,-0.07731850451018352,0.14038115785688618,0.018129542217033192,-0.038481379605677074,0.06366203093984295,all
sma20_slope_10d,Q1,20,2046,false,0.020012591611678125,0.010102040816326596,0.013949637948926502,0.10685006629847119,0.5513196480938416,-0.09186264212977757,0.13492652304180353,0.014162591611678125,-0.054931486904957465,0.07046138867067467,all
sma20_slope_10d,Q2,20,1756,false,0.020474310903346195,0.00711180685170687,0.014093886889073171,0.11007076548018872,0.534738041002278,-0.0928877159146661,0.14583072100313477,0.014624310903346196,-0.051094995532103595,0.06953187854187505,all
sma20_slope_10d,Q3,20,1795,false,0.020484350918188704,0.004410143329658167,0.012003862007645175,0.12154004729331774,0.5231197771587743,-0.09406489589767819,0.14561781042621993,0.014634350918188698,-0.050936638383717106,0.07456540792819441,all
sma20_slope_10d,Q4,20,1794,false,0.01824765155251199,0.0032258400191469416,0.0104486913572393,0.1230615389971586,0.512263099219621,-0.10125727954891713,0.15236249330438947,0.01239765155251199,-0.05279640955239306,0.07536387962759328,all
sma20_slope_10d,Q5,20,2267,false,0.03646620087527642,0.007168458781362075,0.022586531340768462,0.16881801661662504,0.5328628142920159,-0.11302629214829009,0.2146901854364541,0.03061620087527642,-0.05896875990288005,0.10516369616931318,all
sma20_slope_10d,Q1,5,1,true,0.15254237288135597,0.15254237288135597,,,1.0,,,0.14669237288135598,0.008474576271186418,0.27966101694915246,top200
sma20_slope_10d,Q5,5,1,true,0.2972027972027973,0.2972027972027973,,,1.0,,,0.2913527972027973,0.09965034965034958,0.2972027972027973,top200
sma50_slope_20d,Q1,5,1813,false,0.00869855817645961,0.0055172413793105335,0.007174231760195401,0.06215021625631267,0.5427468284611142,-0.05298435119789499,0.07233210414571446,0.00284855817645961,-0.02248535932267463,0.026854773107876772,all
sma50_slope_20d,Q2,5,1633,false,0.0022076220517314982,0.0014705882352941124,0.0020470177060530163,0.056277024149116735,0.5052051439069197,-0.05250664344253155,0.0597409191887136,-0.0036423779482684985,-0.02365595454466034,0.021304199427875474,all
sma50_slope_20d,Q3,5,1713,false,0.0017115124618768845,0.0,0.0008668849051720465,0.057365487121375576,0.4944541739638062,-0.057399681020733624,0.05959105090407215,-0.004138487538123114,-0.02369863523748025,0.0229185402720059,all
sma50_slope_20d,Q4,5,1721,false,0.0021464830999330395,0.0,0.0009117911466753199,0.0639582937193657,0.4863451481696688,-0.06276150627615062,0.06238185255198503,-0.003703516900066961,-0.024250799393462995,0.02512282109469058,all
sma50_slope_20d,Q5,5,2413,false,0.0032441379939770385,0.0,0.0011170225418122212,0.075796596732324,0.48901782014090345,-0.07441091677878146,0.08521705426356588,-0.002605862006022962,-0.02981000664913063,0.03078119177657357,all
sma50_slope_20d,Q1,10,1812,false,0.01694675705416315,0.009561807626081276,0.013391086346026737,0.08345741492738214,0.5662251655629139,-0.06756227852118261,0.10447761194029859,0.011096757054163155,-0.032686041773954684,0.04898327228950015,all
sma50_slope_20d,Q2,10,1632,false,0.008943193553198428,0.00178918932759764,0.005755491422896788,0.0760060413164786,0.5079656862745098,-0.06807743688962592,0.08957981619466783,0.0030931935531984312,-0.03391630742458263,0.03925731260568281,all
sma50_slope_20d,Q3,10,1711,false,0.011925480554479655,0.004807692307692291,0.0079742287975155,0.08064110964066577,0.5341905318527177,-0.0641025641025641,0.0957446808510638,0.006075480554479653,-0.033826131173737714,0.04351182723202468,all
sma50_slope_20d,Q4,10,1721,false,0.011268557591918076,0.004098360655737654,0.00621423306486404,0.086926564132466,0.5194654270772806,-0.0714285714285714,0.0957446808510638,0.005418557591918076,-0.03595140900270827,0.045775737418641875,all
sma50_slope_20d,Q5,10,2411,false,0.022067296243865806,0.006369426751592355,0.014828224102209927,0.10748129972256636,0.5350476980506014,-0.08550185873605942,0.14507772020725396,0.01621729624386581,-0.042741599778278704,0.061433219304583474,all
sma50_slope_20d,Q1,20,1804,false,0.020025370023046916,0.007251711053272825,0.0136895904678818,0.11338375544503161,0.5354767184035477,-0.09570779466962023,0.14243687768426327,0.014175370023046915,-0.04886899933517522,0.07339003359872695,all
sma50_slope_20d,Q2,20,1625,false,0.014909554643371337,0.002849002849002913,0.008599693620367829,0.10395224881343806,0.5138461538461538,-0.0907120545674763,0.12976389572060995,0.009059554643371338,-0.049957532881315866,0.06450185518026061,all
sma50_slope_20d,Q3,20,1707,false,0.018830417034914358,0.007005253940455258,0.011416618813567881,0.11972479995528396,0.5325131810193322,-0.09199530860577622,0.13268088950569207,0.012980417034914357,-0.051336577953162266,0.07094207954051955,all
sma50_slope_20d,Q4,20,1716,false,0.024760801055311872,0.005377623746518734,0.014009285872519423,0.12997831467105175,0.5273892773892774,-0.09350797355570933,0.15735841909211434,0.01891080105531187,-0.05220910096018531,0.07873541976952642,all
sma50_slope_20d,Q5,20,2396,false,0.045665910039984145,0.015377218701724482,0.032396709566005356,0.15800548409083262,0.5655258764607679,-0.10370193681661793,0.2347931815699107,0.03981591003998414,-0.05859733904932234,0.10699249013145015,all
sma50_slope_20d,Q2,5,1,true,0.15254237288135597,0.15254237288135597,,,1.0,,,0.14669237288135598,0.008474576271186418,0.27966101694915246,top200
sma50_slope_20d,Q5,5,1,true,0.2972027972027973,0.2972027972027973,,,1.0,,,0.2913527972027973,0.09965034965034958,0.2972027972027973,top200
ma20_ma50_spread_atr,Q1,5,1902,false,0.0025087076393874755,0.0025945618522008607,0.002076065418530832,0.05959187677614455,0.5136698212407992,-0.06078655912193922,0.06593091722031551,-0.003341292360612524,-0.025618004697829634,0.02346788885857373,all
ma20_ma50_spread_atr,Q2,5,1693,false,0.0010911440562845764,0.0004610419548178868,0.0005518703324581415,0.060364770894953686,0.5002953337271117,-0.06429631885492404,0.06260118425635672,-0.004758855943715425,-0.026304113279551258,0.022125010702954542,all
ma20_ma50_spread_atr,Q3,5,1801,false,0.0009561957033499739,0.0,0.00027478334339484686,0.058879802701807475,0.4841754580788451,-0.06079182630906754,0.05934718100890213,-0.004893804296650022,-0.024734934447123578,0.023370700525945542,all
ma20_ma50_spread_atr,Q4,5,1886,false,0.0030983592416282423,0.0,0.0009658052978145332,0.0665961519225228,0.4851537645811241,-0.06413305837414762,0.07276210379658654,-0.0027516407583717535,-0.024007818726322648,0.026349644454829103,all
ma20_ma50_spread_atr,Q5,5,2216,false,0.004264879804466706,0.0,0.002515780203644914,0.0750871510399558,0.4914259927797834,-0.07052442993112362,0.08092926490984742,-0.0015851201955332927,-0.028053186876747772,0.030898171412072416,all
ma20_ma50_spread_atr,Q1,10,1902,false,0.012294687092037765,0.006633517414358359,0.009493404520628674,0.07799551329522982,0.5525762355415352,-0.07110469055865078,0.0979410762620432,0.006444687092037765,-0.035670906785969854,0.044032343038651126,all
ma20_ma50_spread_atr,Q2,10,1691,false,0.011061853557790083,0.003816793893129722,0.00694548885124495,0.08193902278082761,0.5239503252513306,-0.07692307692307687,0.09859154929577474,0.005211853557790086,-0.037039333325298913,0.0425782327806309,all
ma20_ma50_spread_atr,Q3,10,1800,false,0.011499212819987269,0.0032017112240992907,0.006881637476677101,0.08368349594520781,0.5227777777777778,-0.07037834311806919,0.09989757231089105,0.005649212819987268,-0.035665531792193256,0.04525142375684411,all
ma20_ma50_spread_atr,Q4,10,1884,false,0.01405587494646521,0.0030730740181269534,0.008356997298704878,0.09573409914025624,0.5122080679405521,-0.07723578757707286,0.11440638874473853,0.008205874946465212,-0.036983487058724,0.04981581712488918,all
ma20_ma50_spread_atr,Q5,10,2215,false,0.01943619361504462,0.005859375,0.012695488536935624,0.1022227641981014,0.5331828442437924,-0.07617786187322606,0.12701178377431227,0.01358619361504462,-0.039944081838785214,0.05750117397452945,all
ma20_ma50_spread_atr,Q1,20,1897,false,0.017089535943544232,0.006521739130434634,0.011760432674532575,0.10806414170533833,0.5334739061676331,-0.09410673739041042,0.1343690146839754,0.01123953594354423,-0.051271308881768084,0.06807928740107862,all
ma20_ma50_spread_atr,Q2,20,1681,false,0.01877243072086024,0.007092198581560183,0.012063729059031527,0.11499081963039612,0.5348007138607972,-0.09544787077826711,0.14089347079037795,0.012922430720860249,-0.0532306509551856,0.07121281603931261,all
ma20_ma50_spread_atr,Q3,20,1795,false,0.018802264648654206,0.0031007751937985883,0.009329401481091616,0.13230548080258753,0.5103064066852367,-0.10094729344729345,0.137059677329314,0.012952264648654203,-0.05455337348150508,0.07594974133617216,all
ma20_ma50_spread_atr,Q4,20,1878,false,0.025661004395195176,0.0062138096095940565,0.015095663886533828,0.13826732665707156,0.5266240681576145,-0.10854042081949059,0.17425721927557905,0.01981100439519518,-0.05545487262721284,0.08319839998822622,all
ma20_ma50_spread_atr,Q5,20,2202,false,0.035245535002376926,0.00789495553893449,0.023150706764207687,0.1506584661403005,0.5386012715712988,-0.1042467387899027,0.2004983694453307,0.029395535002376922,-0.058346292224297325,0.09744533314930724,all
ma20_ma50_spread_atr,Q2,5,1,true,0.15254237288135597,0.15254237288135597,,,1.0,,,0.14669237288135598,0.008474576271186418,0.27966101694915246,top200
ma20_ma50_spread_atr,Q5,5,1,true,0.2972027972027973,0.2972027972027973,,,1.0,,,0.2913527972027973,0.09965034965034958,0.2972027972027973,top200
ma50_ma200_spread_atr,Q1,5,1341,false,0.00283853469521107,0.0,0.0017234778155917883,0.05609771455996007,0.49962714392244595,-0.054545454545454564,0.06024096385542177,-0.0030114653047889324,-0.021515703882836308,0.021163309831655267,all
ma50_ma200_spread_atr,Q2,5,1391,false,0.00036633154298054807,0.0,0.00017418246433133588,0.05566583186375075,0.4787922358015816,-0.055397727272727404,0.05974842767295607,-0.00548366845701945,-0.023765436027068126,0.020350324813781188,all
ma50_ma200_spread_atr,Q3,5,1480,false,-0.00044800409602506334,0.0,-0.0010246910421443374,0.0642683777194192,0.4817567567567568,-0.06498087009400255,0.06331217236570019,-0.006298004096025061,-0.027801840805814597,0.02216610026475272,all
ma50_ma200_spread_atr,Q4,5,1636,false,-0.0008829142571756535,-0.0015133580751734432,-0.0020573297119044973,0.07210288945152851,0.4669926650366748,-0.07537649943087288,0.07289276484803209,-0.006732914257175653,-0.029743294493805507,0.025217127690017847,all
ma50_ma200_spread_atr,Q5,5,2224,false,0.007264122257225206,0.003001238320387345,0.004698585439025526,0.07110991092194884,0.516636690647482,-0.06739344844364376,0.08371912930758735,0.0014141222572252056,-0.025393719527202523,0.03167820441723232,all
ma50_ma200_spread_atr,Q1,10,1340,false,0.008578609423748178,0.0037315510999721413,0.005564640525332071,0.07462956356388908,0.5208955223880597,-0.07013666803334705,0.08938575709009837,0.0027286094237481758,-0.0318578601791823,0.03970703353330189,all
ma50_ma200_spread_atr,Q2,10,1391,false,0.008117467049309593,0.002512562814070307,0.004907254793861385,0.07918719993944867,0.5125808770668584,-0.0678733031674208,0.09042553191489366,0.002267467049309594,-0.03448039809109141,0.039703897703454304,all
ma50_ma200_spread_atr,Q3,10,1478,false,0.013463867171930384,0.0059173669467786905,0.009094556368730715,0.08595722955930656,0.5385656292286874,-0.06810134698026893,0.10139708547318328,0.007613867171930384,-0.037338720865763196,0.045379184629300136,all
ma50_ma200_spread_atr,Q4,10,1634,false,0.01561088190009401,0.004836823020236247,0.010187761468287568,0.095730597438281,0.5250917992656059,-0.077452514633855,0.11883541495066328,0.009760881900094012,-0.03998465985081842,0.05008892982829714,all
ma50_ma200_spread_atr,Q5,10,2223,false,0.02217567154137344,0.0064171122994651775,0.014236454240214205,0.10431409910476683,0.5348627980206928,-0.08114225569102448,0.141771328909483,0.01632567154137344,-0.038630196487530265,0.06015578514356896,all
ma50_ma200_spread_atr,Q1,20,1335,false,0.018865059833086548,0.008695652173912993,0.013381036848562922,0.10347654335327591,0.550561797752809,-0.08868864869411619,0.1314871493857701,0.013015059833086557,-0.04677497994539384,0.06648286819774818,all
ma50_ma200_spread_atr,Q2,20,1384,false,0.015537735195134768,0.0032877196016545263,0.007952879487550702,0.11365377386641617,0.5144508670520231,-0.09173977255944463,0.12795729809947828,0.009687735195134769,-0.05002965893936001,0.06624612888732052,all
ma50_ma200_spread_atr,Q3,20,1476,false,0.02375359123103703,0.007126051558083213,0.01511850398357294,0.11826879877737115,0.5440379403794038,-0.08982471926075447,0.1408179532773316,0.01790359123103703,-0.052277149029876645,0.07643353366317701,all
ma50_ma200_spread_atr,Q4,20,1623,false,0.0357814034168023,0.012698412698412653,0.02525058540024976,0.14028059529813386,0.5600739371534196,-0.09751269540973814,0.19294207833019897,0.029931403416802293,-0.05371073849814359,0.08867022126044952,all
ma50_ma200_spread_atr,Q5,20,2210,false,0.04322189035350853,0.01250711035267349,0.028635214072626272,0.15820500118397768,0.5547511312217195,-0.09853489844297177,0.2226340586448454,0.03737189035350852,-0.05467990436732795,0.10374494005928799,all
ma50_ma200_spread_atr,Q3,5,1,true,0.15254237288135597,0.15254237288135597,,,1.0,,,0.14669237288135598,0.008474576271186418,0.27966101694915246,top200
ma50_ma200_spread_atr,Q4,5,1,true,0.2972027972027973,0.2972027972027973,,,1.0,,,0.2913527972027973,0.09965034965034958,0.2972027972027973,top200
