interaction,bucket_a,bucket_b,cell,horizon_d,sample_count,is_underpowered,mean_return,trimmed_mean_5pct,median_return,std_return,hit_rate,p10_return,p90_return,mean_simple_net_return,mean_close_mae,mean_close_mfe,interaction_lift
rs_x_compression,RS_T1_low,_MARGINAL_A_,RS_T1_low|_marginal_,5,2516,false,0.0018136484732261824,,,,,,,,,,0.0
rs_x_compression,RS_T2_mid,_MARGINAL_A_,RS_T2_mid|_marginal_,5,2107,false,0.0017890356985037629,,,,,,,,,,0.0
rs_x_compression,RS_T3_high,_MARGINAL_A_,RS_T3_high|_marginal_,5,2235,false,0.0054454141151283044,,,,,,,,,,0.0
rs_x_compression,RS_T1_low,comp_no,RS_T1_low|comp_no,5,2108,false,0.0013334096548858324,-0.00007863244480816745,0.0,0.06091740020902075,0.4824478178368121,-0.0651336898395722,0.0648599605522683,-0.004516590345114166,-0.023115234124656294,0.024000212208544276,-0.00039878485139904036
rs_x_compression,RS_T1_low,comp_yes,RS_T1_low|comp_yes,5,408,false,0.0042948823679846565,0.0006184121809490269,0.0,0.05245163005266266,0.4950980392156863,-0.04649293227038257,0.04878942350571269,-0.0015551176320153447,-0.01770119070552555,0.02485802094132373,0.0016190876838560304
rs_x_compression,RS_T2_mid,comp_no,RS_T2_mid|comp_no,5,1959,false,0.001846529200508937,-0.00008759408633694275,0.0,0.050161713570679986,0.47166921898928027,-0.048304689959080854,0.05060277275467136,-0.004003470799491062,-0.018193253637558436,0.019825781740854514,0.00013894746894648358
rs_x_compression,RS_T2_mid,comp_yes,RS_T2_mid|comp_yes,5,148,false,0.001028023736151492,0.00008538136015485665,-0.0007987220447284726,0.036548199181853196,0.47297297297297297,-0.031591429165799954,0.03429487179487187,-0.004821976263848507,-0.014895029574122122,0.016184018924091294,-0.0016231581732547148
rs_x_compression,RS_T3_high,comp_no,RS_T3_high|comp_no,5,2199,false,0.0053636591494919846,0.0028773132161973042,-0.001204819277108471,0.078976491163618,0.47658026375625284,-0.0715910720620759,0.0943888675131463,-0.0004863408505080153,-0.02717120368102245,0.0347303701872234,-3.0099869501032384e-7
rs_x_compression,RS_T3_high,comp_yes,RS_T3_high|comp_yes,5,36,false,0.010439279932746848,0.0074252947208501155,0.01072905046262873,0.08187997633527241,0.6388888888888888,-0.06865532465555302,0.06567066316972647,0.004589279932746849,-0.0158066769597172,0.029977675411398,0.0041317196067161
rs_x_compression,RS_T1_low,_MARGINAL_A_,RS_T1_low|_marginal_,10,2513,false,0.011135117861012416,,,,,,,,,,0.0
rs_x_compression,RS_T2_mid,_MARGINAL_A_,RS_T2_mid|_marginal_,10,2106,false,0.009942800226136759,,,,,,,,,,0.0
rs_x_compression,RS_T3_high,_MARGINAL_A_,RS_T3_high|_marginal_,10,2233,false,0.020958483668157703,,,,,,,,,,0.0
rs_x_compression,RS_T1_low,comp_no,RS_T1_low|comp_no,10,2105,false,0.0109261402841206,0.006157291416719485,0.0037037037037037646,0.08063553107487625,0.5201900237529691,-0.07159029649595684,0.10291701130410828,0.005076140284120602,-0.03434556692737917,0.04448783903022649,-0.0005534820348961841
rs_x_compression,RS_T1_low,comp_yes,RS_T1_low|comp_yes,10,408,false,0.012213298741790042,0.004376129857344356,0.0008130081300813385,0.0949738265048094,0.5,-0.07790776152980879,0.09232834402470895,0.006363298741790045,-0.03278526358969148,0.04659087880798149,0.00472108275089138
rs_x_compression,RS_T2_mid,comp_no,RS_T2_mid|comp_no,10,1958,false,0.01029803017744066,0.00577729837825503,0.0018248235948358227,0.07053460822268959,0.5097037793667007,-0.0560735206841005,0.07973585363715445,0.004448030177440661,-0.027742833435166595,0.03763721703764425,0.000010725493299534525
rs_x_compression,RS_T2_mid,comp_yes,RS_T2_mid|comp_yes,10,148,false,0.005243203978481094,0.0033832857562017113,-0.004887289862455402,0.05390726062391594,0.41216216216216217,-0.04649648878341083,0.08510356326557507,-0.0006067960215189129,-0.023128325626637403,0.03034628659766815,-0.0010566943775419096
rs_x_compression,RS_T3_high,comp_no,RS_T3_high|comp_no,10,2197,false,0.021140499309128757,0.015354723333190315,0.005769230769230749,0.10827101216425383,0.5284478834774693,-0.08200433911882511,0.15057704149534218,0.015290499309128758,-0.04084950395311111,0.06444998441520225,-0.0001624888170333131
rs_x_compression,RS_T3_high,comp_yes,RS_T3_high|comp_yes,10,36,false,0.009850473578896377,0.003942023927827998,-0.012893858108215028,0.1204482525818545,0.3888888888888889,-0.07011279177606228,0.05840288608202371,0.004000473578896377,-0.03243352543020087,0.050258065697840686,-0.007465108219147571
rs_x_compression,RS_T1_low,_MARGINAL_A_,RS_T1_low|_marginal_,20,2495,false,0.020945587712008048,,,,,,,,,,0.0
rs_x_compression,RS_T2_mid,_MARGINAL_A_,RS_T2_mid|_marginal_,20,2098,false,0.019825200504900827,,,,,,,,,,0.0
rs_x_compression,RS_T3_high,_MARGINAL_A_,RS_T3_high|_marginal_,20,2220,false,0.03743263800783093,,,,,,,,,,0.0
rs_x_compression,RS_T1_low,comp_no,RS_T1_low|comp_no,20,2093,false,0.02049012980545929,0.012529921892898218,0.004975124378109319,0.11870032636291812,0.5222169135212613,-0.0942534240015324,0.14961294862772692,0.01464012980545929,-0.05051246664073026,0.07383747460366094,-0.0010493352913535266
rs_x_compression,RS_T1_low,comp_yes,RS_T1_low|comp_yes,20,402,false,0.023316914573715875,0.01181087006419381,0.0035853808985297775,0.1278623130397526,0.5099502487562189,-0.087140961109859,0.1367624501482771,0.017466914573715877,-0.05008104765229359,0.07850589465203217,0.008682034157235584
rs_x_compression,RS_T2_mid,comp_no,RS_T2_mid|comp_no,20,1950,false,0.02100034115134293,0.012517450938588618,0.005540208717004336,0.1042771583917251,0.536923076923077,-0.07417549894459392,0.12268817204301087,0.015150341151342925,-0.04039705480504021,0.06490570594687782,0.0005812632616373353
rs_x_compression,RS_T2_mid,comp_yes,RS_T2_mid|comp_yes,20,148,false,0.004341928474075871,-0.0015887381844633716,-0.004316441143386418,0.09175033800026708,0.46621621621621623,-0.09209051724137925,0.07897488282658345,-0.0015080715259241343,-0.04007913639600207,0.051177593900983635,-0.0091725647352972
rs_x_compression,RS_T3_high,comp_no,RS_T3_high|comp_no,20,2184,false,0.03736009655304406,0.02479222621690852,0.009118878017683296,0.15960333239235344,0.5357142857142857,-0.11194473870056496,0.22158311249863868,0.03151009655304405,-0.059912714386344317,0.10668665984452495,-0.0006664188395916378
rs_x_compression,RS_T3_high,comp_yes,RS_T3_high|comp_yes,20,36,false,0.04183348626490157,0.03028043874415184,0.008028211284513809,0.21292110553671023,0.5555555555555556,-0.12953823898404898,0.2272665163626426,0.03598348626490158,-0.05634060628641377,0.10054230112741427,0.010711555552598399
rs_x_failed_breakdown,RS_T1_low,_MARGINAL_A_,RS_T1_low|_marginal_,5,2516,false,0.0018136484732261824,,,,,,,,,,0.0
rs_x_failed_breakdown,RS_T2_mid,_MARGINAL_A_,RS_T2_mid|_marginal_,5,2107,false,0.0017890356985037629,,,,,,,,,,0.0
rs_x_failed_breakdown,RS_T3_high,_MARGINAL_A_,RS_T3_high|_marginal_,5,2235,false,0.0054454141151283044,,,,,,,,,,0.0
rs_x_failed_breakdown,RS_T1_low,has_absorption,RS_T1_low|has_absorption,5,1049,false,-0.0014955876610212614,-0.003243263633672841,-0.004474272930648837,0.06078160164139493,0.44518589132507147,-0.06810283761823407,0.06158566733560189,-0.00734558766102126,-0.024579913534817886,0.023839487675998163,-0.00024308063162849312
rs_x_failed_breakdown,RS_T1_low,no_absorption,RS_T1_low|no_absorption,5,1467,false,0.004179966608758266,0.0025103782716169335,0.0026773761713521083,0.058693238563509206,0.512610770279482,-0.05540596292425326,0.06273832780579416,-0.0016700333912417352,-0.02056214726967003,0.024353713229413317,-0.00019592423041448013
rs_x_failed_breakdown,RS_T2_mid,has_absorption,RS_T2_mid|has_absorption,5,1313,false,-0.0006926305223960927,-0.0023036149651152345,-0.002085505735140769,0.04682344559122144,0.4485910129474486,-0.04874683379031203,0.04488814371257481,-0.006542630522396095,-0.01856711566681839,0.01827296465945035,0.0005844892817190952
rs_x_failed_breakdown,RS_T2_mid,no_absorption,RS_T2_mid|no_absorption,5,794,false,0.005892848983190804,0.0037131221430648943,0.0018862555026901706,0.052972572816776364,0.5100755667506297,-0.044404124825679306,0.05599042009915382,0.00004284898319080406,-0.01696023347911147,0.02171478417284785,0.0015415709187404768
rs_x_failed_breakdown,RS_T3_high,has_absorption,RS_T3_high|has_absorption,5,760,false,0.002946709413573617,0.001160146693084039,-0.001508775971613363,0.06824331512515697,0.4763157894736842,-0.06844377518779318,0.0842775259930686,-0.002903290586426383,-0.025914892571796758,0.030993906801760736,0.0005674508010642633
rs_x_failed_breakdown,RS_T3_high,no_absorption,RS_T3_high|no_absorption,5,1475,false,0.006732882300336145,0.003948513523723625,0.0,0.08401053164181242,0.48067796610169494,-0.07256998709526807,0.09726963888772382,0.000882882300336144,-0.02754115180376451,0.03653960080486536,-0.0012747741807387237
rs_x_failed_breakdown,RS_T1_low,_MARGINAL_A_,RS_T1_low|_marginal_,10,2513,false,0.011135117861012416,,,,,,,,,,0.0
rs_x_failed_breakdown,RS_T2_mid,_MARGINAL_A_,RS_T2_mid|_marginal_,10,2106,false,0.009942800226136759,,,,,,,,,,0.0
rs_x_failed_breakdown,RS_T3_high,_MARGINAL_A_,RS_T3_high|_marginal_,10,2233,false,0.020958483668157703,,,,,,,,,,0.0
rs_x_failed_breakdown,RS_T1_low,has_absorption,RS_T1_low|has_absorption,10,1047,false,0.008721285584967185,0.002817783192858464,0.0,0.08894081114637106,0.49379178605539636,-0.07811172577299214,0.10283322839894814,0.0028712855849671822,-0.03749589583336538,0.045713181464450414,0.0010934649094935783
rs_x_failed_breakdown,RS_T1_low,no_absorption,RS_T1_low|no_absorption,10,1466,false,0.012859048552021527,0.007981247683630788,0.005242472963130851,0.0786720231247961,0.5334242837653479,-0.06944444444444442,0.09700892857142862,0.007009048552021531,-0.03166139358062328,0.04419800731173508,-0.00120648986128008
rs_x_failed_breakdown,RS_T2_mid,has_absorption,RS_T2_mid|has_absorption,10,1312,false,0.0077804005916087176,0.003805486346585631,0.0,0.0687284403024672,0.4809451219512195,-0.056456851111142924,0.07854037267080743,0.0019304005916087165,-0.028421063873774466,0.03588751690866438,0.0013448975510107677
rs_x_failed_breakdown,RS_T2_mid,no_absorption,RS_T2_mid|no_absorption,10,794,false,0.013515934131049597,0.008641167376026588,0.005014502264918064,0.07064928841975215,0.5390428211586902,-0.050000000000000044,0.08285524204594372,0.007665934131049599,-0.025761995285146617,0.039169394448356,0.0006427133526236469
rs_x_failed_breakdown,RS_T3_high,has_absorption,RS_T3_high|has_absorption,10,760,false,0.017492200417434864,0.013542578309896063,0.006347422152926274,0.09176016046898068,0.5381578947368421,-0.07787238023952091,0.12697937226672873,0.011642200417434861,-0.03915286544225639,0.05814499737966704,0.000041013934815970626
rs_x_failed_breakdown,RS_T3_high,no_absorption,RS_T3_high|no_absorption,10,1473,false,0.02274692580702353,0.015958528250376084,0.005084745762711895,0.11612685059596667,0.5200271554650373,-0.08422686425513827,0.16422958057395126,0.016896925807023525,-0.04151920527111847,0.06735621732299704,-0.001141978413423365
rs_x_failed_breakdown,RS_T1_low,_MARGINAL_A_,RS_T1_low|_marginal_,20,2495,false,0.020945587712008048,,,,,,,,,,0.0
rs_x_failed_breakdown,RS_T2_mid,_MARGINAL_A_,RS_T2_mid|_marginal_,20,2098,false,0.019825200504900827,,,,,,,,,,0.0
rs_x_failed_breakdown,RS_T3_high,_MARGINAL_A_,RS_T3_high|_marginal_,20,2220,false,0.03743263800783093,,,,,,,,,,0.0
rs_x_failed_breakdown,RS_T1_low,has_absorption,RS_T1_low|has_absorption,20,1042,false,0.020076120674492295,0.010236470636797638,0.001398975836756966,0.13429574916565876,0.5028790786948176,-0.10630432937181666,0.1586212743885408,0.014226120674492299,-0.05487458522936256,0.07835488344908606,0.002789374253100895
rs_x_failed_breakdown,RS_T1_low,no_absorption,RS_T1_low|no_absorption,20,1453,false,0.02156911465838892,0.013979033633535988,0.006976744186046435,0.10902205946671244,0.5326909841706814,-0.0854686830214402,0.1346403450008374,0.01571911465838892,-0.0472648699423776,0.07188948068935419,-0.002449385938798114
rs_x_failed_breakdown,RS_T2_mid,has_absorption,RS_T2_mid|has_absorption,20,1309,false,0.01712064744903839,0.009359275302604442,0.0025706940874035134,0.10074363924007079,0.5148968678380443,-0.07842292564150587,0.11958232931726924,0.011270647449038386,-0.041301006186529515,0.06216734186382803,0.0009542882347542102
rs_x_failed_breakdown,RS_T2_mid,no_absorption,RS_T2_mid|no_absorption,20,789,false,0.024312221987947635,0.015125319873014395,0.008108108108108025,0.10786230165185907,0.5602027883396705,-0.07136545240893066,0.12135994087213592,0.01846222198794764,-0.03883770843887142,0.0668737135538738,0.001414108597867822
rs_x_failed_breakdown,RS_T3_high,has_absorption,RS_T3_high|has_absorption,20,759,false,0.03434294472993163,0.023733928538545033,0.012499999999999956,0.14580754455966835,0.5454545454545454,-0.11294701503430157,0.20422012871781048,0.028492944729931635,-0.05730166545738066,0.10096746111064242,0.00056914801271735
rs_x_failed_breakdown,RS_T3_high,no_absorption,RS_T3_high|no_absorption,20,1461,false,0.039037755870887446,0.02555847155503313,0.007619047619047636,0.16771944637465977,0.5311430527036276,-0.11111111111111116,0.23076923076923084,0.03318775587088745,-0.061181153979421594,0.10950642365369734,-0.001467795022122468
rs_x_volume_breakout,RS_T1_low,_MARGINAL_A_,RS_T1_low|_marginal_,5,2516,false,0.0018136484732261824,,,,,,,,,,0.0
rs_x_volume_breakout,RS_T2_mid,_MARGINAL_A_,RS_T2_mid|_marginal_,5,2107,false,0.0017890356985037629,,,,,,,,,,0.0
rs_x_volume_breakout,RS_T3_high,_MARGINAL_A_,RS_T3_high|_marginal_,5,2235,false,0.0054454141151283044,,,,,,,,,,0.0
rs_x_volume_breakout,RS_T1_low,has_vol_break,RS_T1_low|has_vol_break,5,471,false,-0.002223507827200861,-0.005733363032812353,-0.008415147265077083,0.07012284151463216,0.416135881104034,-0.0802139037433155,0.07462686567164178,-0.00807350782720086,-0.02891870910796136,0.026850862594979607,-0.00408523555665733
rs_x_volume_breakout,RS_T1_low,no_vol_break,RS_T1_low|no_vol_break,5,2045,false,0.0027434776260384748,0.0014894997122776202,0.0010090817356205317,0.056914807498366075,0.5002444987775061,-0.05604552750620166,0.059718747303942755,-0.003106522373961525,-0.02069842902336435,0.02351479882515209,0.000952934598487728
rs_x_volume_breakout,RS_T2_mid,has_vol_break,RS_T2_mid|has_vol_break,5,678,false,0.0011634191851526464,-0.001356430254172642,-0.00192724018462892,0.05187681920930786,0.43805309734513276,-0.050486677271823446,0.05324750515811187,-0.004686580814847353,-0.019335643645148465,0.020716158203890278,-0.0006736957695814031
rs_x_volume_breakout,RS_T2_mid,no_vol_break,RS_T2_mid|no_vol_break,5,1429,false,0.0020858642471756014,0.0006350008001966628,0.0,0.048078109556994986,0.48775367389783064,-0.045214345755113496,0.04670184325313065,-0.0037641357528243984,-0.01730964440975255,0.019026162329504475,0.00031993399434727433
rs_x_volume_breakout,RS_T3_high,has_vol_break,RS_T3_high|has_vol_break,5,1077,false,0.006518568065484324,0.002832669150682107,-0.002873563218390829,0.07879250207989691,0.4623955431754875,-0.06875483484886083,0.09676932911537643,0.0006685680654843255,-0.026780230824375383,0.035420979693350556,0.0010250746941257334
rs_x_volume_breakout,RS_T3_high,no_vol_break,RS_T3_high|no_vol_break,5,1158,false,0.004447325337465582,0.0030751624831152663,0.0,0.07922833917104506,0.4948186528497409,-0.07285570286866275,0.09267881067711016,-0.0014026746625344197,-0.027181527346516323,0.033940315394452525,-0.0009749833319872871
rs_x_volume_breakout,RS_T1_low,_MARGINAL_A_,RS_T1_low|_marginal_,10,2513,false,0.011135117861012416,,,,,,,,,,0.0
rs_x_volume_breakout,RS_T2_mid,_MARGINAL_A_,RS_T2_mid|_marginal_,10,2106,false,0.009942800226136759,,,,,,,,,,0.0
rs_x_volume_breakout,RS_T3_high,_MARGINAL_A_,RS_T3_high|_marginal_,10,2233,false,0.020958483668157703,,,,,,,,,,0.0
rs_x_volume_breakout,RS_T1_low,has_vol_break,RS_T1_low|has_vol_break,10,471,false,0.01014799535462091,0.0036014285990655635,0.0018621973929235924,0.09511424951181957,0.505307855626327,-0.08579335793357934,0.11450381679389321,0.004297995354620907,-0.042650979944297875,0.05045009441204466,-0.004200965049148969
rs_x_volume_breakout,RS_T1_low,no_vol_break,RS_T1_low|no_vol_break,10,2042,false,0.01136280380641418,0.006462025286717177,0.003663446054750441,0.08011380031794582,0.519588638589618,-0.06929361215680857,0.09685136554621857,0.005512803806414179,-0.032118116735045533,0.043532803743491756,0.0017731364873588302
rs_x_volume_breakout,RS_T2_mid,has_vol_break,RS_T2_mid|has_vol_break,10,678,false,0.011015886089397596,0.006403719724670218,0.003055037313432929,0.07247294656590728,0.5132743362831859,-0.05923197492163008,0.08783440030525302,0.005165886089397598,-0.028778980481844324,0.039672875948763106,-0.002140756679496628
rs_x_volume_breakout,RS_T2_mid,no_vol_break,RS_T2_mid|no_vol_break,10,1428,false,0.009433309879294432,0.005312978144343319,0.0,0.06805975877081885,0.49789915966386555,-0.05226670875642309,0.07680060076916655,0.003583309879294429,-0.02677262695525775,0.03591506406365612,0.0010359601951147393
rs_x_volume_breakout,RS_T3_high,has_vol_break,RS_T3_high|has_vol_break,10,1076,false,0.024150143497055982,0.017786162972150254,0.005589347361499297,0.11268194552573978,0.5278810408921933,-0.08309622593540222,0.1718421052631579,0.018300143497055978,-0.04136087882498408,0.0665151908812819,-0.00002218271385918437
rs_x_volume_breakout,RS_T3_high,no_vol_break,RS_T3_high|no_vol_break,10,1157,false,0.017990267612933375,0.012638329429675674,0.005464480874316724,0.104337075209003,0.5246326707000865,-0.07989170792079207,0.13632144111596167,0.012140267612933376,-0.04011206697043173,0.06208777937516187,-0.0014227655132672615
rs_x_volume_breakout,RS_T1_low,_MARGINAL_A_,RS_T1_low|_marginal_,20,2495,false,0.020945587712008048,,,,,,,,,,0.0
rs_x_volume_breakout,RS_T2_mid,_MARGINAL_A_,RS_T2_mid|_marginal_,20,2098,false,0.019825200504900827,,,,,,,,,,0.0
rs_x_volume_breakout,RS_T3_high,_MARGINAL_A_,RS_T3_high|_marginal_,20,2220,false,0.03743263800783093,,,,,,,,,,0.0
rs_x_volume_breakout,RS_T1_low,has_vol_break,RS_T1_low|has_vol_break,20,469,false,0.018547165714513484,0.010352211372245484,0.0,0.12528850909225145,0.4989339019189765,-0.10988121280042527,0.16709480122324163,0.012697165714513488,-0.05840344264577942,0.08151785911021116,-0.007237444642788839
rs_x_volume_breakout,RS_T1_low,no_vol_break,RS_T1_low|no_vol_break,20,2026,false,0.021500799911822927,0.012946831317817627,0.005391998998085623,0.11901805761918446,0.5251727541954591,-0.09061745926394693,0.1425708559977097,0.015650799911822923,-0.048600177312142105,0.07298584801228543,0.0028910015855086145
rs_x_volume_breakout,RS_T2_mid,has_vol_break,RS_T2_mid|has_vol_break,20,676,false,0.021974731867192062,0.014180376098335197,0.0062226916982762726,0.10919559337116871,0.5488165680473372,-0.08595137705212164,0.14525047138561897,0.01612473186719206,-0.041717664797391286,0.06910282096382735,-0.0026894912830030433
rs_x_volume_breakout,RS_T2_mid,no_vol_break,RS_T2_mid|no_vol_break,20,1422,false,0.01880334171382567,0.010577333828156977,0.004219709783673031,0.10072027124961826,0.5239099859353024,-0.07089980950113108,0.10995098430965135,0.01295334171382567,-0.03973616571969071,0.061481648046561206,0.001313930594618578
rs_x_volume_breakout,RS_T3_high,has_vol_break,RS_T3_high|has_vol_break,20,1073,false,0.04174014442131021,0.027124770714077907,0.0077821011673151474,0.16924564571277842,0.5237651444547996,-0.11083979584495204,0.2398890680134832,0.035890144421310215,-0.05876799963464091,0.11040331250273089,-0.000531516231814997
rs_x_volume_breakout,RS_T3_high,no_vol_break,RS_T3_high|no_vol_break,20,1147,false,0.033403035233930956,0.022912428562568983,0.011272141706924144,0.15192338209095185,0.5475152571926766,-0.1121875,0.20436234779658474,0.027553035233930958,-0.060871461585106534,0.10301694300400976,-0.0016938133882062369
rs_x_new_low_rebound,RS_T1_low,_MARGINAL_A_,RS_T1_low|_marginal_,5,2516,false,0.0018136484732261824,,,,,,,,,,0.0
rs_x_new_low_rebound,RS_T2_mid,_MARGINAL_A_,RS_T2_mid|_marginal_,5,2107,false,0.0017890356985037629,,,,,,,,,,0.0
rs_x_new_low_rebound,RS_T3_high,_MARGINAL_A_,RS_T3_high|_marginal_,5,2235,false,0.0054454141151283044,,,,,,,,,,0.0
rs_x_new_low_rebound,RS_T1_low,has_new_low,RS_T1_low|has_new_low,5,1138,false,0.006587500952376384,0.0050487845987886365,0.004266697007623166,0.060148180865336805,0.523725834797891,-0.055642135642135646,0.06943560984686215,0.000737500952376383,-0.019819313536810917,0.0271690740835828,0.0018615093656015854
rs_x_new_low_rebound,RS_T1_low,no_new_low,RS_T1_low|no_new_low,5,1378,false,-0.002128763806362299,-0.003929570446383147,-0.003203527472001144,0.05892315738202745,0.4521044992743106,-0.06377348362855612,0.05347126083166689,-0.0079787638063623,-0.02423412230605158,0.021637237715931925,-0.0024891053225979927
rs_x_new_low_rebound,RS_T2_mid,has_new_low,RS_T2_mid|has_new_low,5,632,false,0.006796995104476276,0.004419226213413866,0.001673930629851439,0.05407315250573608,0.5174050632911392,-0.051170024743725735,0.05801142212404621,0.000946995104476277,-0.016854427293522583,0.024233002105223965,0.0020956162924238965
rs_x_new_low_rebound,RS_T2_mid,no_new_low,RS_T2_mid|no_new_low,5,1475,false,-0.00035674758595361227,-0.0018459568513401307,-0.0019230769230769162,0.04699619517520391,0.45220338983050845,-0.045988760304685815,0.04474941580756015,-0.006206747585953613,-0.01843596623962087,0.017571989085151157,-0.0006924763274668861
rs_x_new_low_rebound,RS_T3_high,has_new_low,RS_T3_high|has_new_low,5,513,false,0.0032787773438712905,0.003907225417521309,0.0014164305949009304,0.08058854948604892,0.5048732943469786,-0.0713960238971209,0.08431168220320082,-0.002571222656128712,-0.028544814493375096,0.03502546130586313,-0.00507897988480563
rs_x_new_low_rebound,RS_T3_high,no_new_low,RS_T3_high|no_new_low,5,1722,false,0.006090875592279785,0.0026801123615647487,-0.0019777986241401035,0.078542808386239,0.4715447154471545,-0.07175824175824172,0.09676146847362722,0.000240875592279784,-0.02652440617306432,0.03454310029419675,0.0020987684341419698
rs_x_new_low_rebound,RS_T1_low,_MARGINAL_A_,RS_T1_low|_marginal_,10,2513,false,0.011135117861012416,,,,,,,,,,0.0
rs_x_new_low_rebound,RS_T2_mid,_MARGINAL_A_,RS_T2_mid|_marginal_,10,2106,false,0.009942800226136759,,,,,,,,,,0.0
rs_x_new_low_rebound,RS_T3_high,_MARGINAL_A_,RS_T3_high|_marginal_,10,2233,false,0.020958483668157703,,,,,,,,,,0.0
rs_x_new_low_rebound,RS_T1_low,has_new_low,RS_T1_low|has_new_low,10,1135,false,0.011179853078317696,0.0074435510139040035,0.005509641873278293,0.07691327695000917,0.5286343612334802,-0.07046666421505536,0.10425006715599798,0.005329853078317694,-0.03226927366907312,0.0461137123916061,0.0004152163084543206
rs_x_new_low_rebound,RS_T1_low,no_new_low,RS_T1_low|no_new_low,10,1378,false,0.011098271364901028,0.004726916169060456,0.0019127451733357281,0.08791855502860538,0.5072568940493469,-0.07425725693795167,0.09561332563065668,0.005248271364901027,-0.035593744783983514,0.043771346986799915,-0.0002214794300122551
rs_x_new_low_rebound,RS_T2_mid,has_new_low,RS_T2_mid|has_new_low,10,631,false,0.016529826471244506,0.010124524925093347,0.002702702702702675,0.07986251423482273,0.5134706814580031,-0.055984555984555984,0.0950413223140496,0.010679826471244505,-0.026317556504456385,0.04404311668379565,0.006957507336256788
rs_x_new_low_rebound,RS_T2_mid,no_new_low,RS_T2_mid|no_new_low,10,1475,false,0.007124892727382193,0.00389157845772171,0.0,0.06438195847500451,0.49830508474576274,-0.05423031727379555,0.07239571832033588,0.001274892727382192,-0.027889547053889175,0.03416523033809306,-0.003002540432655432
rs_x_new_low_rebound,RS_T3_high,has_new_low,RS_T3_high|has_new_low,10,513,false,0.015348597892094884,0.01161188174013099,0.005769230769230749,0.10274094292254846,0.5282651072124757,-0.07327490039840641,0.1216885934701749,0.009498597892094883,-0.04056862730052094,0.06175430450255489,-0.005239404684913776
rs_x_new_low_rebound,RS_T3_high,no_new_low,RS_T3_high|no_new_low,10,1720,false,0.022631664716483417,0.01615484444060666,0.00541031912264045,0.1100786761812626,0.5255813953488372,-0.08610258413796958,0.15819504623068112,0.016781664716483416,-0.040757128660061114,0.06495694646250637,0.0014885481144248473
rs_x_new_low_rebound,RS_T1_low,_MARGINAL_A_,RS_T1_low|_marginal_,20,2495,false,0.020945587712008048,,,,,,,,,,0.0
rs_x_new_low_rebound,RS_T2_mid,_MARGINAL_A_,RS_T2_mid|_marginal_,20,2098,false,0.019825200504900827,,,,,,,,,,0.0
rs_x_new_low_rebound,RS_T3_high,_MARGINAL_A_,RS_T3_high|_marginal_,20,2220,false,0.03743263800783093,,,,,,,,,,0.0
rs_x_new_low_rebound,RS_T1_low,has_new_low,RS_T1_low|has_new_low,20,1130,false,0.021337809690457593,0.013863538156652287,0.005899756352245045,0.10957066820818626,0.5256637168141592,-0.08941244461568089,0.14541462428621957,0.015487809690457599,-0.04905115827947232,0.07474265629834981,0.000014117009897559457
rs_x_new_low_rebound,RS_T1_low,no_new_low,RS_T1_low|no_new_low,20,1365,false,0.020620891129115745,0.011347425073157228,0.0037878787878788955,0.12837684244450873,0.5157509157509158,-0.09688915735427354,0.1511724671805954,0.014770891129115744,-0.05159513917909651,0.0744630054054535,-0.0001358937277768854
rs_x_new_low_rebound,RS_T2_mid,has_new_low,RS_T2_mid|has_new_low,20,629,false,0.028829938843503565,0.0173343526164021,0.007159904534606243,0.11789456609801335,0.5516693163751988,-0.07293381880488334,0.14586216143738281,0.02297993884350356,-0.04026325871676563,0.07413756798643703,0.008626633370050752
rs_x_new_low_rebound,RS_T2_mid,no_new_low,RS_T2_mid|no_new_low,20,1469,false,0.015969529698242474,0.00938710666701954,0.004048582995951344,0.09648818253482064,0.5234853641933288,-0.07696962644012573,0.11115451388888895,0.010119529698242476,-0.0404223140392043,0.05956969382592813,-0.0036668679515429355
rs_x_new_low_rebound,RS_T3_high,has_new_low,RS_T3_high|has_new_low,20,510,false,0.034401060393717715,0.023351721414661384,0.010338546769510293,0.16354999465225173,0.5470588235294118,-0.10873843042700478,0.20959716654801544,0.028551060393717718,-0.06158577126346302,0.1057264720056174,-0.003409682582665198
rs_x_new_low_rebound,RS_T3_high,no_new_low,RS_T3_high|no_new_low,20,1710,false,0.03833679273484715,0.025208906702671233,0.008513533096108361,0.15967779902415916,0.5327485380116959,-0.11266246897692804,0.22836654605874449,0.03248679273484715,-0.059338530234924414,0.10684367673576875,0.00109295758213164
beta_x_rs,Beta_T1_low,_MARGINAL_A_,Beta_T1_low|_marginal_,5,2338,false,-0.0012841214604492651,,,,,,,,,,0.0
beta_x_rs,Beta_T2_mid,_MARGINAL_A_,Beta_T2_mid|_marginal_,5,2098,false,0.0006174243508021004,,,,,,,,,,0.0
beta_x_rs,Beta_T3_high,_MARGINAL_A_,Beta_T3_high|_marginal_,5,2408,false,0.008956602526329635,,,,,,,,,,0.0
beta_x_rs,Beta_T1_low,RS_T1_low,Beta_T1_low|RS_T1_low,5,672,false,-0.001457232536884094,-0.001682297396014584,0.0,0.04596259776233391,0.48214285714285715,-0.04746879334257979,0.03981843399319125,-0.007307232536884094,-0.01783906552501098,0.016617831869380838,0.0009266873893109115
beta_x_rs,Beta_T1_low,RS_T2_mid,Beta_T1_low|RS_T2_mid,5,908,false,-0.0011116903295119082,-0.0020079730605627806,-0.0018378177550166797,0.03332431382691453,0.44493392070484583,-0.03648942386350353,0.0317829457364341,-0.00696169032951191,-0.0141321999526229,0.012711485869886185,0.0012652183313572281
beta_x_rs,Beta_T1_low,RS_T3_high,Beta_T1_low|RS_T3_high,5,758,false,-0.0013372043410916326,-0.003527750536815311,-0.0035017704574136777,0.06589978886810294,0.4472295514511873,-0.0654341736694678,0.058320992225101786,-0.007187204341091637,-0.02519781656028692,0.02345129081385233,-0.0023265466397675598
beta_x_rs,Beta_T2_mid,RS_T1_low,Beta_T2_mid|RS_T1_low,5,835,false,-0.002304211571464142,-0.0037953004100233405,-0.0031847133757960666,0.058948854996931734,0.4550898203592814,-0.06424159231297188,0.05379974239034638,-0.008154211571464145,-0.024440608004511387,0.020270774109793586,-0.0018218374565205017
beta_x_rs,Beta_T2_mid,RS_T2_mid,Beta_T2_mid|RS_T2_mid,5,671,false,0.0016635069300064286,-0.0003947245766458055,0.0,0.049571520541623934,0.4798807749627422,-0.04784688995215314,0.04479999999999995,-0.00418649306999357,-0.018400150578893333,0.019508092694324665,0.0021388697796241992
beta_x_rs,Beta_T2_mid,RS_T3_high,Beta_T2_mid|RS_T3_high,5,592,false,0.0035526347975017784,0.002328253282797081,0.0,0.07758300523371829,0.49155405405405406,-0.06696467285625518,0.07779218948258836,-0.0022973652024982235,-0.026830197051714553,0.03196477827375628,0.0006617466875744856
beta_x_rs,Beta_T3_high,RS_T1_low,Beta_T3_high|RS_T1_low,5,1004,false,0.007398749926477781,0.0056543925512483086,0.0027972082687823807,0.06744361053857204,0.5109561752988048,-0.06539572332915204,0.08772086306489985,0.0015487499264777809,-0.023410351060228627,0.03237464126091178,-0.00045805413410611364
beta_x_rs,Beta_T3_high,RS_T2_mid,Beta_T3_high|RS_T2_mid,5,527,false,0.007026917866924938,0.004949684345025639,0.0014245014245013454,0.06818702706508495,0.50853889943074,-0.06440275685791226,0.07894736842105265,0.001176917866924935,-0.023950617162376793,0.031510494205591946,-0.0008368974589848263
beta_x_rs,Beta_T3_high,RS_T3_high,Beta_T3_high|RS_T3_high,5,877,false,0.011899621711914056,0.009103809064616355,0.0,0.08883543293879535,0.4960091220068415,-0.07744471744471745,0.11594771241830071,0.006049621711914056,-0.02917947200054851,0.045502689301341215,0.0006695554264592287
beta_x_rs,Beta_T1_low,_MARGINAL_A_,Beta_T1_low|_marginal_,10,2338,false,0.002849644671791607,,,,,,,,,,0.0
beta_x_rs,Beta_T2_mid,_MARGINAL_A_,Beta_T2_mid|_marginal_,10,2095,false,0.011799681695808794,,,,,,,,,,0.0
beta_x_rs,Beta_T3_high,_MARGINAL_A_,Beta_T3_high|_marginal_,10,2405,false,0.026594492051262488,,,,,,,,,,0.0
beta_x_rs,Beta_T1_low,RS_T1_low,Beta_T1_low|RS_T1_low,10,672,false,0.002128748086624493,-0.0003089678895285203,0.0,0.0670648779694041,0.4836309523809524,-0.05798780824838329,0.06166116611661168,-0.003721251913375507,-0.029655020911504786,0.029994625277548377,0.0020475018645923146
beta_x_rs,Beta_T1_low,RS_T2_mid,Beta_T1_low|RS_T2_mid,10,908,false,0.0036146322402789647,0.00235714410506371,0.0,0.04733557782987002,0.4900881057268722,-0.04434599156118143,0.05359345030444242,-0.002235367759721038,-0.02213081758019745,0.024959947824213898,0.00474127780586059
beta_x_rs,Beta_T1_low,RS_T3_high,Beta_T1_low|RS_T3_high,10,758,false,0.0025723805465221856,-0.002461669850883493,-0.003918158567774943,0.08580583919867689,0.44854881266490765,-0.07738750137528885,0.08390280837004412,-0.003277619453477817,-0.037919780736219336,0.041591238464176734,-0.007159616602423265
beta_x_rs,Beta_T2_mid,RS_T1_low,Beta_T2_mid|RS_T1_low,10,833,false,0.007079237957658458,0.0018604277439973273,0.001615508885298933,0.07753535412665712,0.5042016806722689,-0.07086231399616595,0.07967633670926547,0.0012292379576584595,-0.035029550827302976,0.03906924004403441,-0.0019520452883909079
beta_x_rs,Beta_T2_mid,RS_T2_mid,Beta_T2_mid|RS_T2_mid,10,671,false,0.008318530815436107,0.003089290592367925,0.0,0.07311255347822325,0.4843517138599106,-0.05840286054827182,0.0766208251473477,0.0024685308154361097,-0.029189501320239897,0.03665521670214206,0.0004951393570005458
beta_x_rs,Beta_T2_mid,RS_T3_high,Beta_T2_mid|RS_T3_high,10,591,false,0.02240540398787191,0.017852769428912844,0.01030927835051565,0.10954311886172377,0.5617597292724196,-0.07725321888412018,0.1414392059553351,0.01655540398787191,-0.04027203669677111,0.06346167759632695,0.0037233698149092744
beta_x_rs,Beta_T3_high,RS_T1_low,Beta_T3_high|RS_T1_low,10,1003,false,0.02063658502001756,0.01469775999918516,0.01012373453318327,0.09562119358073812,0.5493519441674976,-0.08396198602223263,0.13702294031749018,0.014786585020017562,-0.03637632704507376,0.059601970963348544,-0.0031895085814854993
beta_x_rs,Beta_T3_high,RS_T2_mid,Beta_T3_high|RS_T2_mid,10,526,false,0.023034606187970732,0.017210502710259357,0.01194626220618511,0.09178105374942355,0.5494296577946768,-0.06892609078458223,0.1297100165367352,0.01718460618797073,-0.03425472984247681,0.05880168617421052,0.0004164043740814763
beta_x_rs,Beta_T3_high,RS_T3_high,Beta_T3_high|RS_T3_high,10,876,false,0.035553716613397325,0.029375555506595454,0.016717962089500826,0.12215883793861937,0.567351598173516,-0.09083589865024866,0.19144678447510688,0.029703716613397328,-0.04397065524157708,0.08378558284130712,0.002076872084980995
beta_x_rs,Beta_T1_low,_MARGINAL_A_,Beta_T1_low|_marginal_,20,2328,false,0.013188860362949773,,,,,,,,,,0.0
beta_x_rs,Beta_T2_mid,_MARGINAL_A_,Beta_T2_mid|_marginal_,20,2079,false,0.022383100101972826,,,,,,,,,,0.0
beta_x_rs,Beta_T3_high,_MARGINAL_A_,Beta_T3_high|_marginal_,20,2392,false,0.04121692078204782,,,,,,,,,,0.0
beta_x_rs,Beta_T1_low,RS_T1_low,Beta_T1_low|RS_T1_low,20,665,false,0.010362298933123626,0.005438274112978122,0.0032679738562091387,0.09280600222265134,0.5112781954887218,-0.07896106683839112,0.0956426704680446,0.004512298933123625,-0.042976647206015114,0.05308776060746821,0.0019647358171278988
beta_x_rs,Beta_T1_low,RS_T2_mid,Beta_T1_low|RS_T2_mid,20,905,false,0.011410948300743807,0.0068400254936784475,0.004106776180698102,0.07682858131844651,0.5403314917127072,-0.0616700581128893,0.0811999229583976,0.0055609483007438,-0.03218321868103457,0.04521807983451354,0.0042156221597018095
beta_x_rs,Beta_T1_low,RS_T3_high,Beta_T1_low|RS_T3_high,20,758,false,0.017791332351248957,0.006096676027791147,-0.0028993983957219527,0.13518946641414847,0.4788918205804749,-0.10164011429913491,0.13410931853901642,0.01194133235124896,-0.053211479198681334,0.07220682356353418,-0.006472921957567098
beta_x_rs,Beta_T2_mid,RS_T1_low,Beta_T2_mid|RS_T1_low,20,825,false,0.016769992219062994,0.009678337824889048,0.0031397174254317317,0.10262983165624319,0.5163636363636364,-0.08664420485175196,0.13702848581340632,0.010919992219062988,-0.04925278449839941,0.06452926251204717,-0.0008218106359557872
beta_x_rs,Beta_T2_mid,RS_T2_mid,Beta_T2_mid|RS_T2_mid,20,670,false,0.019139356266293452,0.009748770430241999,0.005253018474072779,0.10466247110082139,0.5194029850746269,-0.07934146341463422,0.12061860888933885,0.013289356266293451,-0.04284937879522881,0.06320044654538909,0.002749790386228402
beta_x_rs,Beta_T2_mid,RS_T3_high,Beta_T2_mid|RS_T3_high,20,584,false,0.03403399457681151,0.0229740869334941,0.010264851607380998,0.1499280970903798,0.5342465753424658,-0.10296672077922082,0.19698770658633885,0.028183994576811512,-0.05796667630408772,0.10307530851821711,0.0005755005289724072
beta_x_rs,Beta_T3_high,RS_T1_low,Beta_T3_high|RS_T1_low,20,1000,false,0.031737412221812485,0.021041159104073788,0.008169934640522847,0.14637912834436528,0.531,-0.11640786749482401,0.18785333331246137,0.02588741222181249,-0.05624702203768548,0.09737806505118198,-0.004688211313281291
beta_x_rs,Beta_T3_high,RS_T2_mid,Beta_T3_high|RS_T2_mid,20,522,false,0.03546325605291829,0.02607725336824607,0.0075735320459999755,0.13577294567420792,0.5344827586206896,-0.09769274973661524,0.2101506493506494,0.029613256052918306,-0.051345299705681864,0.0974670452894786,0.00023986949277824895
beta_x_rs,Beta_T3_high,RS_T3_high,Beta_T3_high|RS_T3_high,20,870,false,0.05556510647037073,0.04220028345831886,0.021705478530084865,0.18348591949931795,0.5839080459770115,-0.12482682721564058,0.2801746747129071,0.049715106470370744,-0.06757106108507101,0.13778417043122673,0.0032727917424566315
